max_stay,cases,download_mbps_fixed,rwi_weight,gdp_per_capita,popDANE,pop_density,pop60plus_ratio,tests_unique_dev_fixed,internet_pen,labor_formality_index,primary_ratio,secondary_ratio,tertiary_ratio
-1.904713564580156,19.709047806472952,-1,0.2230173844162171,-0.3221262027399607,0.2378037271169337,-0.3020913566024214,-0.8089376335799733,-1,-0.7132480135678757,1.6225419603955402,-0.5069130700242346,-0.6203223155426424,1.0099840058960805
-0.2178693625899604,-0.0707016329290264,-1,-1.2692689658618026,-0.4422938503820648,-0.0931359828938332,-0.3002416397235833,-0.8019178613122538,-1,-0.9652103797330448,-0.8053418599094837,0.6927781150407842,-0.426221205460624,-0.4521899434611367
-0.0299848291538082,-0.0707016329290264,-1,-0.9898947859029218,-0.5286533260103993,-0.0099796473336546,-0.2788467860617049,-0.0365428064908916,-1,-0.8390437785984511,-0.6271269172874644,-0.3284137867076588,-0.3338738152393658,0.5982726540120326
1.922934635747672,-0.0464187336717151,-1,1.1836018520147746,-0.1711730119779984,1.940057479936372,0.2378511484619554,0.0978244086170824,-1,1.5298089099811123,2.909734352916984,-1.2192409488437326,-0.1159167589928294,1.39329704517229
-0.1350936786121854,-0.0707016329290264,-1,0.8514309231811228,-0.0362668810707453,0.0924618051223861,0.1577690356564494,-0.7285667682068281,-1,0.1637658195378892,0.8636318049988831,-0.7336494269081326,2.506253728854923,-1.060317532884088
0.1046797216414806,-0.0532158449383454,-1,0.461857535509882,-0.1116923639296382,0.9843936814152991,-0.1418176390053361,-0.1197325000957857,-1,0.0995517657952396,0.3211699072182914,-0.3566789820966068,1.8276754519652911,-0.9645797853925302
-0.3502414361339293,-0.0707016329290264,-1,-0.6017946174891705,-0.6343444401047947,0.0028056469071043,-0.2698339086847157,2.034289670942841,-1,-1.0545783165582894,-0.760408034966694,-0.9532092009719272,-0.20744880044386,1.1753648490653112
0.4528897609118912,-0.0707016329290264,-1,-0.6918617435420857,-0.6288173972974407,-0.8872840445277387,-0.2559397615255993,1.0798870184558849,-1,-1.0538797372146904,-0.9722946840974166,0.044686792426454,-0.4143260973819606,0.2573117607878938
-0.4069371100913082,-0.0707016329290264,-1,-1.660436058681255,-0.4443583100505254,-0.5086513785583326,-0.2722526846741033,0.1521365431348224,-1,-1.0563836587313424,-0.7155124690065168,0.409774116532399,-0.4886129406066188,-0.0795968468511875
-0.5388408280678042,-0.0707016329290264,-1,-0.8920690679373761,-0.450605953624047,-0.1525581186492426,-0.2281861390628642,0.243066213637451,-1,-1.0490185267955323,-0.8572380476044877,0.5143077795183815,-0.4801506918622656,-0.1800076457387186
-0.3443007155149167,-0.0707016329290264,-1,-1.1069180012102295,-0.6031677226389838,0.0760459536733709,-0.1765721431978607,-0.3958229742636566,-1,-0.996896240088654,-0.8925114975776167,0.1489786865938631,-0.3402086406049248,0.090800047612874
-1.2458112320233057,-0.0707016329290264,-1,-0.4465756286711939,2.1118809895799693,-0.1995919400968135,-0.2124900213474226,2.291752987812772,-1,-0.9588557451510924,0.9793431937579,-0.6423189278104388,4.343354696510317,-2.5151849232254277
-1.4674666669036336,-0.0707016329290264,-1,-0.0719738190293011,-0.4774780469884957,-0.3563138608266899,-0.2127977055533023,0.1080837495085165,-1,-0.9565766231507796,-0.599866589480926,0.0550042224921954,-0.2617193021069937,0.1337641257601962
-1.4795453104858578,-0.0707016329290264,-1,0.2505301810868047,0.1546866314854329,0.0415342962412741,-0.2955219469028328,0.1610292888304428,-1,-0.2197767925516005,-0.3549869987190618,2.2135782265430923,-0.9445244317349638,-1.6848813557728792
-0.6101541257889772,-0.0707016329290264,-1,0.1705818294247528,2.6394382240912986,0.2402748719110337,-0.2941483145530424,-0.3958011524971432,-1,0.5171981233516884,-0.5697108850809711,3.2314616775662306,-0.9018251396082012,-2.802115021237056
0.0999222150876655,-0.0707016329290264,-1,0.1117459360862096,-0.4434056382936708,-0.7255454881741044,-0.2929699955626008,-0.4014299796225503,-1,-0.3188425969872903,-0.683976156279281,0.1374264886176543,-0.3039697666243663,0.0152113152397104
-1.3419720251136256,-0.0707016329290264,-1,-0.0767945383627969,-0.5225326664541557,-0.607841504209032,-0.2853124912686088,-0.3187205883995571,-1,-0.8999534888347869,-0.7201500741246283,-0.4375436470504184,-0.4670729578595565,0.8135207848481758
-1.4814926836348294,-0.0707016329290264,-1,-0.9067047106710514,-0.5444650425299938,-0.5021487972548041,-0.2850354268324829,-0.2113382642459874,-1,-0.9251258072990536,-0.6378106358769385,-0.1107717822127596,-0.5500893234975895,0.5241507207024375
0.3200493318004486,-0.0536401350221735,-1,0.8217779102251482,-0.5267004824452562,1.006583666827339,-0.230492783634491,-0.3988415412986204,-1,0.2175854472695285,0.1686048088247514,-0.7313512581940516,0.1603845997173827,0.6662454583250923
-0.9183074388938492,-0.0707016329290264,-1,-0.9088204988216028,-0.1724644159019934,-0.2841663013033206,-0.2916767878751623,-0.2059950288222964,-1,-0.5322241178349463,-0.6214106123857455,-0.251811010798481,1.2052133214015792,-0.6182938600911093
-0.2568907764484527,0.0011709542567011,-1,-0.5380258475233285,0.5010177985098735,-0.2924979600515313,-0.2989341670558328,-0.4245697918402406,-1,-0.829815253577814,0.0528597504923355,1.6909692756964394,-0.5119138129127176,-1.4368757902401668
1.8816700452239088,-0.0630910593141058,-1,0.992120120446147,-0.3826153939503902,2.362000380382479,-0.2314843648592028,-0.2754943302273482,-1,0.9568155246965798,1.4982274687727248,-1.1278828649753605,-0.3126101780329598,1.4412285002059866
-0.4073315147797082,-0.0707016329290264,-1,-0.8339947706066586,0.6490948353164928,0.464389511834592,-0.2998924830830037,0.0023610229487311,-1,-0.1130374201956054,-0.3515699965426086,2.7096732683688227,-0.9260697886647292,-2.2244762396499045
-1.2115473247186266,-0.0707016329290264,-1,-0.6025615294092073,4.1476976746211935,-0.4620807103740288,-0.3072227008187024,-0.4513320115712714,-1,-1.0114413212847453,-0.5171425144289287,3.4081582963085304,-1.0890141616928783,-2.853705209417833
-0.3124032363406352,-0.0707016329290264,-1,0.0961465003194899,-0.5773502988402042,0.0962928225451212,-0.2631415248201371,-1.5248343420233803,-1,-0.0024852449935818,-0.0961803548079383,-0.6084597296747533,-0.5478426507249909,1.0564092843617665
-1.0722731691276728,-0.0707016329290264,-1,0.3215213327936735,-0.5381592884005872,-0.2425538974663261,-0.3030828787639032,-1.0008326388682742,-1,-0.8439515622727825,-0.5155007280215186,-0.2983250303258755,-0.5377851294256667,0.716287068567172
-1.594884031549588,-0.0707016329290264,-1,0.1130441270047727,-0.5727874732529616,0.0242039683258118,-0.2922125333267693,-0.4303554007825518,-1,-0.8475170754760937,-0.6085213193894371,-0.3755224456892388,-0.5350045205958532,0.8172692751540193
-0.818646304193985,-0.0707016329290264,-1,-0.2901550943169703,-0.2868008064615143,-0.1755208852453635,-0.290849151698161,-0.0026068174088014,-1,-1.0527519204524531,-0.2681744605851807,0.7211288745621589,0.1847779528880222,-0.9099393747773744
-1.257273618279905,-0.0707016329290264,-1,-0.4001613362097792,-0.4419300478621922,-0.1819048065561071,-0.2885878976238709,-1.3291795868775371,-1,0.0895080007805289,0.0204823907800877,-0.0217412401497565,-0.7677120602403897,0.5890390343335337
-0.8577663192245786,0.0194870178310464,-1,0.3690187688139957,-0.3342445642435708,1.121020287201435,-0.2900364933656887,-0.6050724581324807,-1,0.8191901770939889,1.0793807193618583,-0.8802510307149201,-0.707176616542375,1.4654216591444458
-1.5835202464650884,-0.0707016329290264,-1,-0.0461230694868419,-0.4957137448760726,-0.6691140300406418,-0.2906447335043028,-0.4055718164335299,-1,-0.7261357289381575,-0.745858043053297,-0.8658268725465303,-0.7068314145758985,1.414350231013373
-0.3705532775864861,-0.0707016329290264,-1,-0.2814455827513317,0.2229629536127069,0.7252294958277622,-0.2743686749196738,0.6188799743576512,-1,-0.3842146018590886,-0.0219406044366369,-1.013580105923075,3.7729489402079226,-1.6908933135291786
1.187591744520458,-0.0589464716184516,-1,0.3279818041036803,-0.3890922635259219,2.335542375737309,-0.1871368118096404,-0.0447290130570274,-1,0.6030486856875453,1.338057298016049,-1.0677369740631943,-0.4072193272719695,1.4454704025138352
0.0620347147083207,-0.0707016329290264,-1,-0.5313634672166404,-0.5251229717692735,0.4871076702898769,-0.2636622311708376,0.0388511995314809,-1,-0.1053448048103664,-0.3599902029038691,-0.6492013216774649,0.3413506956002693,0.4553232112006705
-1.3231392012425658,-0.0707016329290264,-1,-1.0641206088692745,-0.4604006062801113,0.1178479178217869,-0.2804120411110334,-1.5248343420233803,-1,-0.9970396443467172,-0.4931669895238439,0.6043376611276232,-0.695088143226527,-0.1361395627595702
-0.6530456356523878,0.4157989383513387,-1,-1.1709826075471237,-0.6861775985683736,0.2247275035297863,-0.0930768577149915,0.1319131963515951,-1,-0.8585775332586086,-0.7568516825004726,-0.6421965318319705,-0.5377851294256667,1.0851888564674623
-0.3668064330466949,-0.0707016329290264,-1,-1.1725098533809548,-0.6740314655003281,-0.077110145425246,-0.2807252969903133,-1.0889024702561725,-1,-0.4425049133380876,-0.8123938046123188,-0.8364979086992356,-0.5644382823553391,1.313278132644837
-1.4623640562474698,-0.0707016329290264,-1,-0.9869695355587288,-0.2722648020966635,0.2027665649391726,-0.2868998384869218,0.0093536075161452,-1,-0.5892858831397078,-0.6754882771146902,1.960605943624384,-0.7722271959184314,-1.534274616484997
0.343787563983473,-0.0707016329290264,-1,-0.2563114667928819,-0.4790879100229377,0.9620011309456916,-0.000387773574069,-0.2953684923504189,-1,-0.2409573176788645,-0.6509464498521701,-0.7772272448710794,-0.3128350385284364,1.0586660012843945
-0.2698321802865499,-0.0707016329290264,-1,-0.5928400729367908,-0.6974628882676048,0.3013144740515466,-0.2293532698447835,-0.2879266187304846,-1,-0.7766642202088215,-0.9780543517794428,-0.4616639935412706,-0.5565542390269056,0.9053492348660708
0.0735217512579476,-0.0707016329290264,-1,-0.4562873218524931,-0.4338778189543779,1.0073481660796786,-0.2008853551085673,-0.2541043377131499,-1,-0.3536395066906987,-0.6153693238911643,-0.7198562408351755,-0.5523683224971327,1.1744507039474128
-0.5517575816128774,-0.0707016329290264,-1,-0.6025678499561474,-0.3285623200820293,0.8266051427221806,-0.2946240045149613,0.0395738715696933,-1,-0.548641520655672,-0.874113546056749,-0.1983532915875987,-0.5599201735035693,0.6253531090003679
-0.8424091866700352,-0.0707016329290264,-1,-1.3211577004906168,-0.5800560763917938,-0.0381341363103622,-0.2722011940041353,-0.6484305717455456,-1,-0.6958701810292959,-0.7648798228019466,0.410820763236486,-0.5375082223222825,-0.0225369824419848
0.167957023836521,-0.0524730976352741,-1,0.7112906298860715,-0.4800216733077582,0.946814482820556,-0.0003463726009672,-0.0219801919834604,-1,-0.1050995222500556,-0.5992552184182123,-0.9694732394842888,-0.3355892157114896,1.2872589402874723
-0.0252273225999939,-0.0707016329290264,-1,-1.246183458635563,-0.6294020926950676,0.2267487155461157,-0.221903188737237,0.8333009403286425,-1,-0.2578281750585252,-0.8356190061079313,-0.1355089860604595,-0.5041742664901141,0.4973694382292625
0.3631380440080548,-0.0380527920262482,-1,-1.0568802785560656,-0.2486890760375313,0.4203228014254862,-0.2226669059563966,-0.291937619872508,-1,-0.578352333139197,-0.678006978652106,-0.640099581596169,2.9160403756382616,-1.4627110651878357
-0.4550791323690327,-0.0707016329290264,-1,0.5628567946030721,-0.3650462000287789,0.1584058714157351,-0.0801621734014004,0.5714633437164801,-1,0.2093796956198299,0.871200188385487,-0.9115395245109746,0.5045746673310502,0.6165798785041618
-1.4854613808118455,0.0391387106139177,-1,-0.4508476768245321,0.4047475183952745,-0.6756386350011994,-0.2332205291030047,-0.2168966695023266,-1,-0.5823395330941058,-0.6635006167789754,1.9412814030248609,-0.4294109002836977,-1.7773353085604997
-0.0490395056620939,-0.0707016329290264,-1,0.798164181692119,-0.257635854944419,-0.2666642057356527,-0.191067414885167,0.1557156574814027,-1,0.6226723984607099,0.3236399855241093,-0.5809818731188212,-0.0513202238002261,0.675276002959669
-0.25119655875969,-0.0707016329290264,-1,-1.0842830824374794,-0.0780688054903663,-0.924684758780862,-0.2652746814270232,-0.0783649171223663,-1,-0.8703399708193725,-0.8404058888415968,1.2694299978449544,-0.5087700807667461,-0.9637665231688756
0.6850462206208496,-0.0425059984188034,-1,0.148851157140674,-0.351467868035148,1.178946859555859,0.1317600372519524,-0.3183546096188416,-1,1.4491469087879507,0.2908526122315334,-1.0092829870262403,-0.0339599280115915,1.107649838743417
1.0384821220125484,0.0182847214601677,-1,1.718512702050543,0.028515661573168,0.7668666914153142,1.1675912653919809,0.8045250297488015,-1,2.4718381705881467,0.5282541053263216,-1.1433517499140522,2.6770135466513523,-0.7434923252503852
-0.4408805635866618,-0.0707016329290264,-1,0.079031626876587,0.1312511072570371,-0.6918233701805675,-0.1936769762185858,0.2842363849103048,-1,-0.464424632082311,-0.1126960661748969,1.5796005690519128,-0.5172101150281213,-1.3134969422479206
1.386421008059686,-0.0015364492985796,-1,2.119739132242244,0.1874819454958792,1.1960746394534043,2.454013390595577,-0.2631205047878137,-1,2.872161741579931,0.9401420560201008,-1.2063953057615888,-0.2068305763731108,1.4465246183938307
0.4365466166363513,-0.0707016329290264,-1,-0.5676627189199261,-0.5261776407795773,-1.2193756929637647,-0.2082168302576199,-1.2336809465651122,-1,-0.9738117442583464,-0.3887880005086235,-0.8029715408694692,-0.4714895610095941,1.208803315220016
-0.1888806179926229,-0.0707016329290264,-1,-0.7771304574001408,-0.2812225406042375,-1.09289608388136,-0.2524996264897052,1.7604250652138014,-1,-0.2473967243840704,0.1740906154998398,0.466152261448322,-0.5350045205958532,-0.1058857124291235
-0.6359136820000479,-0.0707016329290264,-1,-0.8743956360434443,-0.0549620409939837,-0.507990577328464,-0.2330738380824338,1.7131774081015074,-1,-0.3865217458419556,-0.3733093758936545,1.1532100686538067,-0.4239803712390725,-0.9247848316335334
0.2222862696635053,-0.0707016329290264,-1,1.0074302127153123,0.4170932491612403,-0.4327470390086368,0.1167283742389119,0.6694817361920639,-1,0.300212279492092,0.5872607120589186,-0.9394591621034324,3.486975104813524,-1.562370010806
-0.3468150454034608,-0.0707016329290264,-1,0.619330357416436,3.2821115408589887,-0.0659787220612193,0.1677394694057526,3.0974499020054087,-1,2.1943129915931143,3.1480556183493915,-1.1885422507698773,2.1576378022755,-0.3153650183120474
-0.1794642060570921,-0.0707016329290264,-1,-0.0044692210253223,-0.1565163213267321,-0.3668912253186789,-0.1455293913136401,-0.3941273451888756,-1,-0.8161982864981395,-0.617139855679604,0.5431208130831661,-0.5193726004904267,-0.1999783220708379
0.3464990962162162,-0.0707016329290264,-1,0.7971457014730753,0.1210350851954375,1.2378790986241488,0.470588333126172,0.2245998137210074,-1,0.8285794263113635,1.1236478788134212,-1.1116227361371993,2.7563479974076026,-0.8408709334494702
-1.5983350725730814,-0.0707016329290264,-1,-0.208039942548625,0.4888824056392615,-1.0044058532483238,-0.295545753134883,-0.5722818503676824,-1,-0.6955616647869381,0.0489350805261256,2.158047584564046,-0.546902393307082,-1.9121641492215455
1.1923492510742717,-0.011698380380195,-1,2.287388316812776,0.5270086632179977,0.8781670419304227,2.6216111761824137,-0.3488427004837481,-1,1.9990521982055864,0.8356373953833107,-1.2068528563680672,2.604240234758367,-0.6248909793389926
1.0548006159950645,-0.0707016329290264,-1,1.149479662224023,-0.2739704327311698,1.22901594626374,0.0882366847900826,0.2088036295640783,-1,1.754912193127999,0.4015533420764182,-0.4695022410020715,-0.4196501454649268,0.8156554668275691
-0.0992275022608869,-0.0707016329290264,-1,0.4836973975697064,-0.2534475183348141,-0.6521892882658844,0.293992596675609,-0.2909359342829276,-1,-0.030501107604734,0.596983490392919,-0.915983746364442,1.3736848261544845,-0.0299485480997011
1.1671813018957995,-0.0521522183996587,-1,1.8813655025906024,-0.156515695968975,0.931051030024175,0.2993326486046487,0.5936916440062274,-1,1.4854974344613558,1.3915575933834026,-1.2213433336501376,-0.4606951466956736,1.6496721957114415
-2.196745586046712,-0.0707016329290264,-1,-0.2026297686997331,-0.0254703840611905,-0.908709918008266,-0.2489126536438637,-0.281887829862097,-1,-0.5542029961939932,1.863300630268755,1.515861833710964,-0.7894469791793611,-1.0444658559036388
-0.2653211766629845,-0.0707016329290264,-1,0.3536946923617051,-0.2648761671875947,-0.1492924628964329,-0.2514895744434691,0.1277458523485937,-1,-0.5642453947939292,-0.4284536731299913,0.3023038589714366,-0.3798465478922776,-0.0444703962583155
-1.53779395290381,-0.0707016329290264,-1,-0.205288841417265,-0.3941585501055398,-0.7624175824596674,-0.2649969524128078,0.0130257867505471,-1,-0.3438999996899614,0.3319887090662132,-0.4710698904942313,-0.4143260973819606,0.8106101923754033
0.0397508498137682,-0.0707016329290264,-1,0.2874302005648614,0.702457322630094,-0.8112685412004391,-0.2335957744197608,-0.3064041308513051,-1,-0.5726848721062762,0.6536709739811256,1.0740862535285605,-0.5100119477409052,-0.7870180344989557
1.2103193146894593,-0.0707016329290264,-1,1.0282211821096523,-0.0938087831108837,-0.1617652640179441,0.1855961241320176,-0.5242974044717217,-1,2.161380274180374,0.2894924134997129,-0.4936440431813377,0.8890008733280764,-0.1257927459465575
0.1867651974145561,-0.0707016329290264,-1,0.0753418759021982,0.7461839663837195,-0.0785505826789827,-0.1186671510579068,0.0642560653439721,-1,-0.0045118655461993,-0.1007254947245182,0.224445717640671,-0.5329451618379369,0.1518967109240427
-0.3496498291013302,-0.0707016329290264,-1,-0.7741731902787635,-0.3115926225856709,-0.8820379439497659,-0.2301899191970073,0.597092128898253,-1,-0.6752807273070073,-0.6912189528176247,0.6941981088959549,-0.5105898106970889,-0.3993742922965964
-0.6257084606877198,-0.0707016329290264,-1,0.0092237451879529,-0.4120085029866245,-0.5181242520738134,-0.2353369972530685,-0.5988045493071732,-1,-0.4114050173318837,-0.5807998254680544,0.0315149329003724,-0.0513991152534815,0.0039461966325825
0.8743604710524473,-0.038141166627874,-1,0.921221699183408,-0.21447934809994,1.048926101365761,0.2366823550120389,0.3607844110618761,-1,1.879263611460461,0.4508807321034919,-0.8269376517194079,1.4872604448601452,-0.2091874577973291
-0.7683350561300675,-0.0707016329290264,-1,-0.9517521397090908,-0.3447943320030304,-1.390698284531399,-0.3079309627474868,-0.6847197661180128,-1,-0.792987110985643,-0.6219122511312538,0.504041806521679,-0.4376832115523915,-0.1608794048846299
1.388343730915632,-0.019749067243147,-1,0.6505912337567539,-0.081185937186945,0.6444091815846074,0.0867707148726955,1.762796218674458,-1,2.2840884613835657,-0.4040905960501653,-0.9793742583563206,0.8148519379229198,0.5231037919188841
-1.539667375173706,-0.0707016329290264,-1,-0.3646771519208521,-0.4110822071638178,-0.9009249043051268,-0.1400064621216929,-0.9166669268742696,-1,-0.6826336314336059,0.4962147934688853,-0.4849749044294203,-0.3681088289170661,0.7914627993402333
-2.929426245627232,-0.0707016329290264,-1,0.358057367670567,-0.2215120926755109,-1.0747120242386936,-0.1209397396660339,0.1810640965426498,-1,-0.8853034078025298,-0.541917235475877,-0.3342072739612944,-0.5537434061880725,0.7665432541651829
-0.7294122434436756,-0.0707016329290264,-1,-0.6493791351476565,-0.2960440633295697,-0.36692729224979,-0.2647251937598819,0.0221358460369677,-1,-0.8554309444315086,-0.3196188176660969,0.6082983891439088,-0.4696690685373768,-0.306534258012423
0.3225636616889917,-0.0707016329290264,-1,1.2269256233976324,-0.0339865544979733,-0.7684728336646859,-0.2192087732047946,0.359582054022736,-1,-0.4803528084866033,-0.1915547386861767,0.6216108360875358,-0.5350045205958532,-0.2726600623757131
0.3358994702154897,-0.0707016329290264,-1,0.8654409916161859,-0.3864454776408342,-0.7293623158998591,-0.0302237101619725,-0.4530895551646453,-1,0.9729778567786576,-0.3537951222565799,-0.7090917927398244,-0.4566149862394567,1.097126752189635
-0.3269469092253537,-0.0707016329290264,-1,-0.2091407819443667,-0.235875078870356,-1.0063802305695644,-0.2254035531978756,0.5960670257330452,-1,-0.6853779566808313,-0.4343895494603328,0.2019742914731875,-0.4995108667094145,0.1827538161058892
-0.9140922387865842,-0.0707016329290264,-1,-0.0474360295795344,-0.3716139231561412,-1.4491186814637578,-0.2199528383682536,-0.3119965749987071,-1,-0.3672619281794475,-0.5870713657714325,-0.3705744341608338,-0.4824642547068117,0.7409195583200918
1.689151256699069,0.0513255540532324,-1,1.9993346932037064,0.6568287553890557,4.795043509666382,4.133827758054277,-0.0887414834810047,-1,2.581800639113085,3.810012482742595,-1.2529564025749638,-0.1902005548977478,1.484217684133179
-0.0846345287901177,-0.0707016329290264,-1,-0.17959402801998,0.1489812101204531,-1.1017203860260767,-0.2275979525019307,-0.181073061951113,-1,-0.7170704970172959,-0.3874771557187135,1.649328909739765,-0.4473749601708275,-1.4176286400864857
-1.4288150074405157,-0.0707016329290264,-1,-0.506495827058229,0.3762656160910875,-1.027713208847341,0.0861885158029925,-0.1246114417458899,-1,0.1392730572263745,-0.221215313407942,-0.2286856444862766,2.094874324914441,-1.3156116051234636
0.3691280652131189,-0.0707016329290264,-1,0.7888353084876907,0.3732374833873302,-0.0620068110212971,-0.1080448627312776,0.3054971285835218,-1,1.0838682310345629,-0.0571315300817503,-0.7820028746160139,2.7640614646670474,-1.2042379969258554
-0.6465626085868268,-0.0707016329290264,-1,-0.8113349033623395,-0.1274930895249368,-0.46176017443881,-0.2315883877199422,0.4074176199083528,-1,-0.5461127347516964,-0.5797694957880176,0.9712371226029972,-0.516618611241936,-0.6760702243425483
-0.9564907427894936,-0.0707016329290264,-1,-0.844575597582127,-0.2232503470349202,-0.927564979718427,-0.2559518458266567,-1.5248343420233803,-1,-1.0071128067934998,-0.3847450552962337,-0.2346451226395618,0.5855808378188606,-0.1800076457387186
1.5145778814963882,-0.054166021231829,-1,0.894551248785111,-0.5048808476946868,2.653452376651149,0.855536725556279,0.2503232438017029,-1,1.301513253527642,-0.7715818515908599,-1.2339114114937104,0.2710678440146601,1.1228937644244
1.2453720313709338,0.0716875536742831,-1,1.0447621298937584,0.7326480458993304,-0.2839359597036882,0.1436819867424643,-0.1454906882264447,-1,0.935887344150307,0.9806396730521724,-1.1429764261779232,3.8347012357343946,-1.5945679108004576
-1.383359867102513,0.0500867717975529,-1,0.2018852114487045,-0.3376975749254783,-0.7614681275743301,-0.1666142348486176,0.0474003855644098,-1,-0.1124383337579258,-0.0718523221815506,-0.1556820371085325,-0.4488056468716444,0.4976786016632963
-1.205212199411215,0.2568682621145833,-1,0.2802008298331026,-0.1182479516856353,-0.6702738850004861,-0.108733937911517,-0.329549203383987,-1,-0.8952506588027853,0.4805815201045924,0.4885478262239326,0.4345841900536953,-0.8445491167902641
-0.93674585807651,-0.0707016329290264,-1,0.4150203048017932,-0.4484165707058276,-0.444578679243387,0.1180640397036112,0.400791563351244,-1,0.6339477846507094,-0.234795920920082,-0.9387326352912384,-0.4009173836915285,1.3024310204531893
-1.2180303517841886,0.0988904852117191,-1,0.5926035376601638,1.7762209820994537,-0.4418706864733613,-0.0498037097828216,-0.6542023331640687,-1,0.3002987144963137,1.8541483678709128,-0.7961328290235962,2.268659553678196,-0.8139743463474188
-1.0598247711500737,-0.0707016329290264,-1,-0.2662912498722231,-0.2457883216525674,-0.7640955293044682,-0.2549288382244789,-1.5248343420233803,-1,-0.6856317314890428,-0.5084029680906406,0.1471900717776066,-0.4771450026165896,0.2180169824443138
-0.0043485244078637,-0.0707016329290264,-1,0.4433612625167212,4.111367152631321,0.1217409952382588,0.3023302491588298,0.5684973963663608,-1,1.0457731280864315,1.8173890959147705,-1.2354245121729837,3.826658489849112,-1.4952258963561336
-0.4844129810687195,-0.0707016329290264,-1,0.764848171193724,-0.0743396528503455,-1.1501824610595408,-0.1731109644685532,0.3041072479675556,-1,-0.898293814301985,-0.0221894126181381,0.8392528405824349,-0.4947783795245562,-0.5061441523009387
-1.4633007673824174,-0.0707016329290264,-1,-0.7963002218186082,-0.4302205416821748,0.3326431875473286,-0.3110364306073001,-0.7970461208726631,-1,-0.4691990570092657,0.5850677788617463,-0.6522126257866989,-0.4156896953843777,1.0059432872148075
-0.4164521231989395,-0.0707016329290264,-1,0.0220428428971444,-0.474127653829362,0.6030337419537812,-0.157663511865434,-0.2073622645812902,-1,-0.1014827969301863,-0.0447275015809661,-0.0442833456747576,-0.2695119895252899,0.254232849711957
-0.5390626807050292,-0.0707016329290264,-1,-0.3741444647800214,-0.037554415547165,-0.3819107420589606,-0.2688734426831386,0.0211898058967834,-1,-0.6371381571194263,-0.449457518211365,-0.3679850602521861,-0.2826769084213515,0.5908604606810731
0.3368854819364889,-0.0707016329290264,-1,-0.8554190787512825,-0.3623795710429449,-1.221231003515191,-0.2474410828015153,0.5613994567595086,-1,-0.9147340368748158,-0.5776640887256138,0.1638815382340582,-0.346477898104235,0.0794331938199481
-0.2261765113393677,0.0060653919184084,-1,-1.0452060494681856,-0.4470965890488886,-0.3520109141145487,-0.2489495176062698,-0.0011364406634884,-1,-0.9133935878716976,-0.7106724734357213,0.459242991464357,-0.2936476741680688,-0.2763661590411929
-0.6166371528545391,-0.0707016329290264,-1,-1.008696622716997,-0.4139742841509234,0.4480184253343701,-0.2647145406127882,-1.0517075712641384,-1,-0.3594516430618009,-0.3176303482586247,0.4369207345930851,-0.2797232407203122,-0.2712346405812978
1.78721012235231,0.0538203331611036,-1,1.597601254963284,-0.0617402709310658,2.0434821458934875,-0.1020380741165957,-0.0229363882223728,-1,2.0364398771696743,2.79813372023762,-0.8025016842914027,0.1401901985343548,0.7566079339475004
0.2906415322216862,-0.0707016329290264,-1,-1.250815142257659,-0.2611546600296153,-0.36692729224979,-0.2600467232724716,-0.0333654224055757,-1,-0.2956456476344933,-0.2541198857252396,1.1063002876735175,-0.2878318465433031,-0.9748090992994404
0.8264403014119486,0.002811671083393,-1,-0.6671654636423899,0.1706958507748569,-0.3128879043324732,-0.2885955076834982,-0.2085032776015951,-1,-0.5366841963640778,-0.2086116459014142,0.8249885412607004,0.3613759574360297,-1.1605816768904462
0.304741499831955,-0.0707016329290264,-1,-0.0865752138240654,-0.2309752456944316,1.0973728632242887,-0.1454763437813798,-0.0531853643110579,-1,0.1498438755030633,0.2513578440885181,-0.3980960147029381,-0.2611098057929923,0.6193961401258596
0.5596501800029388,-0.0707016329290264,-1,-0.0578030077446788,-0.0889247451411673,-0.3774114475453233,-0.2586917184447757,0.1705117749262928,-1,-0.8255183179294404,-0.3219282118568012,0.4010456789071126,0.0277746645843177,-0.4636665828273627
0.1015244841342868,0.149771946327711,-1,-0.9360333777772204,-0.3461591578056905,-1.305047998080343,-0.2700876462489762,-1.3356678924618974,-1,-0.9710398783553312,-0.6370001165212987,0.4458308791425426,-0.2865489433907807,-0.2672099202205958
0.8546155863394638,-0.0707016329290264,-1,-0.8301993415191514,-0.4768126253979717,-0.686310563741221,-0.274756190965594,0.0879167161982411,-1,-0.8149158388235004,-0.6882065397697463,0.3756631126260699,-0.297540526529807,-0.2182641274468972
0.4319616621337121,-0.0707016329290264,-1,-0.4425824218448385,-0.1872928302664505,-1.0487178952810747,-0.2911283219610974,-0.8727821299984799,-1,-0.948156933836282,-0.7218125676915297,1.1975818769922086,-0.2229051502150971,-1.1205894201501363
-0.0065177501940575,-0.0707016329290264,-1,-1.1863252655362715,-0.1729914839238619,-1.1255429502367065,-0.2857725977885668,-0.6478999611092692,-1,-0.173122647801666,-0.2367639717956443,1.363509596175562,-0.5164955599802256,-1.082203447494776
-0.1806227698292646,0.0184694246728272,-1,-1.143459701026281,-0.3908786780472524,-0.4873159429428559,-0.2089396981064503,-0.0864247217059472,-1,-1.0230483541275883,-0.6784397698980468,0.5185674130508158,-0.2645183995991977,-0.3614785859104867
-0.7536681317802227,-0.0707016329290264,-1,0.2034471671104913,-0.2414827987788935,-1.487196089374541,-0.2837299558104376,1.2535166554825992,-1,-0.8159214146225228,-0.4660977768459584,1.1005488690669312,-0.3338738152393658,-0.8807968333930755
-0.7984330639135285,-0.0707016329290264,-1,-1.0401700962209632,-0.2659551794631291,-0.4638456939354052,-0.2895137553658102,-0.1122689750434406,-1,-0.8680642606293429,-0.8291046971928305,0.8900453118159076,-0.2822321476478356,-0.746940270782381
-0.0758590244732367,-0.0707016329290264,-1,-0.2140739526214002,-0.2105907180520481,-0.1686024129933442,-0.243515341257876,0.0633729454190595,-1,-0.1354420835841111,-0.1388333683464146,0.3450076621779032,0.0954455378982474,-0.4405977610513769
-1.036875348343848,-0.0707016329290264,-1,1.1307640943901478,0.2550469894493143,-0.3950143150124979,-0.2097568633576227,-0.241237115612357,-1,0.2314071478452274,-0.3797517695285386,0.3955405976546709,-0.2873113580671079,-0.2126970871646213
-1.585714122544308,-0.0707016329290264,-1,0.9060801861644384,3.1611293152996747,-0.0102955338530699,-0.2359668249546661,-0.2425360926595408,-1,-0.7040288397015534,-0.4439312860923898,3.486588574676244,-1.0988553608290896,-2.930590921011594
-0.8569528595547546,-0.0707016329290264,-1,-0.6036946987858982,-0.6759698709162325,0.1364868401580567,-0.2783159593423059,-0.6865680115273946,-1,0.1088474844701164,-0.5254823437575528,-0.6815915193831542,-0.400266475259954,1.0260929389882898
-0.5190959433548216,-0.0707016329290264,-1,0.2739585472693729,-0.4841707109780425,1.408818093931414,-0.2432160239908957,-0.34682971508141,-1,-0.1597287878773454,-0.4790510192258516,-1.1840882911453192,-0.395160899118167,1.5614031980332603
0.3864572212096552,-0.0707016329290264,-1,-1.2513545869796514,-0.7227862297124313,0.777242094961269,-0.1854524952157644,-0.4104418516602939,-1,-0.9543663582573936,-0.964702807352126,0.2626089024612434,-0.6165439957403753,0.1565459973967416
-0.6070974894538848,-0.0707016329290264,-1,-0.1156109844087322,-0.3407019363238608,1.4904594617108051,-0.2723432926404446,-0.2923843069357591,-1,0.51827132205448,1.318305795570635,-0.8958307477918603,-0.2149997308070358,1.1193752695883308
-1.2016872075086489,-0.0707016329290264,-1,0.2927482452642431,-0.6468222777708892,0.2279443402673783,-0.2816671900660047,-0.6328081777402619,-1,-0.3804764179347453,-0.1813392051223556,-0.1771894923115365,-0.4340478630433755,0.509874317205064
-2.1452757742106203,-0.0707016329290264,-1,-1.6836053511254547,-0.6898052844796703,1.4036661659089418,-0.28815907297194,-0.3184305325556628,-1,-0.9345660316324504,-0.8634214204186745,-1.2358809936867536,-0.3931652048743155,1.622276110058508
-0.3477024559523604,-0.0707016329290264,-1,-0.7433701080951727,-0.5348805159066806,0.0144671632708751,-0.2959714100274583,-0.4474834993560632,-1,-0.6317482360208375,-0.7231499673309734,-0.2012689730852094,-0.5661072069911862,0.6330411897397299
-0.6693394793418771,-0.0707016329290264,-1,-1.1171450874567457,-0.5780783342537039,0.4667144438220573,-0.2891721934181511,-0.3826577693944913,-1,-0.6716249064532973,-0.5964016702906687,-0.8974508335002522,-0.3016170040029484,1.1849547487926986
-0.4295907293812358,-0.0707016329290264,-1,0.3269880095604575,-0.6279254447365256,-1.023823964532282,-0.2274062815015414,0.6438732006053433,-1,-1.0564786418281262,-0.811820840347631,-0.1076175502635582,-0.6137078400831742,0.490312446800231
-0.778269124219121,-0.0707016329290264,-1,-1.4874389753702033,-0.595479901934691,-0.3418859741175896,-0.2895247360216584,-0.4783064004340734,-1,-1.0554382697299114,-0.7162931599716733,-0.138830159098862,-0.5644382823553391,0.5648273914211176
1.683777492819629,0.0568030964282702,-1,1.359473671566836,-0.3397009338540422,2.3751878802077915,-0.1248295525622811,-0.2412410525867346,-1,1.2368114374609929,1.8177307796657485,-1.1151889666324628,-0.1846670605238712,1.3323437294445983
-1.1415158422347504,-0.0707016329290264,-1,0.3651574083613135,-0.5506370272173033,0.0722388259401231,-0.2720744181136094,-0.8612517562746462,-1,-0.8848030429979469,-0.6013867553115524,0.0285651624638685,0.0561978557550329,-0.0721939245611252
-0.8991295109204399,-0.0707016329290264,-1,-0.8812298141320725,-0.4985135727587862,-0.172025957237894,-0.2933640164095525,-0.454776013818378,-1,-1.0569937363661115,-0.7557966646479923,0.4608374383837333,-0.497872698068502,-0.1275521237042359
-0.6105485304773772,-0.0707016329290264,-1,0.3661204441873286,-0.6247350670434354,-1.20676824507294,-0.2234112710200553,-0.4890163426085545,-1,-1.055528274077604,-0.9082622832742504,-0.6502403096449786,-0.6302769599752419,1.1619894626034293
0.2449891895394826,0.153087568949072,-1,-0.0181136927956441,-0.3738865537473265,1.065461447541816,-0.2247721393519071,-0.1387789309915929,-1,-0.2354574556173462,-0.3818087077770367,-0.1933031930421644,-0.1635821484753095,0.3278135278707753
-0.9728831876510832,-0.0418756496270513,-1,-0.3692798748466022,-0.6462263137667331,0.5328189911951052,-0.2636171686977867,-1.5248343420233803,-1,-0.7824558668105879,-0.5753479412503375,-0.8477573906270265,-0.5567333225595738,1.3196782293119316
1.0378165641008763,-0.0707016329290264,-1,-0.1157957300046881,-0.4430790666792468,-0.8774354420735098,-0.1906430990130849,-0.1747212107644701,-1,-0.0651447612190598,-0.7979863025715066,0.2242102010789845,-0.4718266834338864,0.1071018502147253
0.4727825473830241,-0.0707016329290264,-1,-0.97139152529717,-0.1508627707122153,-0.3126161587066131,-0.2771813732110904,0.6104517531222797,-1,0.4467544235259479,3.53887796421083,-0.0927792401600859,-0.5598414842113034,0.499114377611182
-0.0196317060833306,-0.0707016329290264,-1,-0.1997341166061255,0.3618326469197725,-0.0109519590169545,-0.2777256359368889,0.3509831539240788,-1,0.5905305401255181,0.4756773119462536,0.1609037082867699,0.9090267664682142,-0.8427449318009836
0.4133753411929011,-0.0707016329290264,-1,-0.1780502109079771,0.3236762726504472,0.0259567086406849,-0.2803237722575398,-1.5248343420233803,-1,1.595176478233817,0.9453533598074144,1.711444078272258,-0.879535871855127,-1.193335485795537
0.8402691157989453,-0.016991714984029,-1,-0.8818191749607702,0.2078185445955885,-0.0293544731522866,-0.2869885083231661,0.0910948938877689,-1,0.2124024125957356,-0.3530230984621966,-0.1099516170707781,1.6137659646874816,-1.0652048349036711
0.4113293668718299,-0.0707016329290264,-1,-0.1465036360265911,-0.3332716449975414,-0.8125671371231616,-0.2229265376229959,-1.5248343420233803,-1,0.2332845347443921,-0.7060038669158588,-0.6255123960181563,-0.5350045205958532,1.0652408338624837
-0.8039300792580922,-0.0707016329290264,-1,-0.652517354395489,-0.3489338702145343,-0.2819311793059083,-0.2987332362818245,-0.0611438378896388,-1,-0.2898184381193876,-0.8164763056177431,-0.2978155910643852,-0.609710211156834,0.768753100624102
-0.3564286596831916,-0.0707016329290264,-1,-0.3962374060168952,-0.0213809178840879,1.1036475614618135,-0.2776715741523863,0.4334046894989812,-1,0.1136591591424605,-0.1149309259825487,0.449213982168373,-0.5331847253298099,-0.0890557861670995
-0.0410774610150359,-0.0707016329290264,-1,-0.6574370710925486,-0.0048912068909684,-0.1894299419306949,-0.3002796049266142,-0.6762056751511158,-1,0.0043540395469646,-0.5978123757285188,1.1425269920909895,-0.4463646168192776,-0.8873801491109992
-0.122004373015938,-0.0707016329290264,-1,-0.9578841940817976,-0.3625454988890156,-1.0384199325768662,-0.2960096577343618,1.0685958066223158,-1,-0.309938205205886,-0.798776630898914,-0.5504974647636787,-0.4306585155612847,0.9078571198276738
1.1160072935760097,-0.0707016329290264,-1,-0.2615688704831198,-0.0010378366678233,-1.4003839693324427,-0.2233261399690572,-0.000517516723768,-1,0.7227549022326324,-0.2065838647183464,1.0030256802980464,-0.5212910634124563,-0.691945496132982
0.5323869559173471,-0.0707016329290264,-1,1.149693335026492,0.0546021792270258,1.0827437657549084,-0.0877762800318162,0.1476758974985013,-1,1.1979266889534246,2.709956438208381,0.0476406946973086,-0.3152551384950384,0.1832891382293832
0.3686350593526202,-0.0707016329290264,-1,-0.1342328839692021,-0.2015297923804117,0.1025561745798573,-0.2679590481703712,0.3498205959596313,-1,0.6854711077691549,0.0445405367737615,-0.8207842231059554,0.4403145391492111,0.5471163688918036
-0.4368132652375461,-0.0707016329290264,-1,-1.1779888044649949,-0.4097259997652783,-0.4419490648856238,-0.2911663646526209,-1.5221627416038757,-1,-0.4827951781611905,-0.6359218684732832,-0.1603862209274025,-0.3681088289170661,0.4659571177423507
0.08101544033753,-0.0707016329290264,-1,0.0722281846235697,1.4182668856786214,-0.5873094006208142,-0.3077101861622093,0.6431581421492082,-1,-0.2798570230985703,-0.4325428744868992,2.7651952928539454,-0.9687528468438688,-2.2582635138697387
-0.2499886944014677,-0.0707016329290264,-1,-0.4640900359827735,-0.0727718726123864,-0.3610314792188979,-0.2865554494817242,0.2125973623981102,-1,-0.3849466219804638,-0.6184684094053765,1.2261719596844778,-0.786417902291462,-0.7359221455606842
-1.35863562319849,-0.0707016329290264,-1,-1.861841620306907,-0.4279914110310119,-0.2056358480838419,-0.2767421951793818,0.6178869560359378,-1,-0.5671142267071612,-0.7007046911297977,-0.2120842410592675,-0.5226903957781094,0.6126432329189953
0.6535431461349647,-0.0707016329290264,-1,-0.0528499211164363,-0.0634728895818536,0.1126874726514272,-0.0823703333186494,0.5087083588992729,-1,0.5350339352996923,0.0449562106144279,-0.8054656455354768,0.8629296241089299,0.2337429652870544
2.0100241210048115,-0.0452933780488966,-1,2.1640026894918005,-0.3464792584279579,2.4046632683219262,2.472384757666504,0.0709182211925949,-1,1.9227640025587456,-0.3641767851030683,-1.2306359020556537,0.2391148221134173,1.1429826755430126
0.127604494154682,-0.0707016329290264,-1,-0.2080192014716422,-0.4443583100505254,-0.5086513785583326,-0.2262148413575884,0.2232621149969208,-1,0.1974992294226917,-0.7155124690065168,0.409774116532399,-0.4886129406066188,-0.0795968468511875
-0.4657280589558099,-0.0707016329290264,-1,-1.3399079930192992,-0.2217888243369557,-0.2124801326643295,-0.3002293018949341,0.4931873891109691,-1,-0.5978454464342398,-0.8657239521408683,0.0122561998222924,-0.6187287855050132,0.4427584542213268
1.78072709528675,-0.0707016329290264,-1,1.7888881949903526,-0.2055433566415086,0.1084674680975143,0.1064798710389311,-0.149285346836248,-1,2.147390346477465,-0.3443540036829415,-0.2392983044654977,0.3602323536541436,0.0481063857528525
-0.4993510586418372,-0.0707016329290264,-1,0.8655660589262377,0.229346332971447,0.2513848920368502,-0.1822529424301112,-0.4974305925898813,-1,0.348514726825363,0.0537582172785971,1.4920597287225814,-0.5391658455342636,-1.1988008394354337
-0.1648465822932971,-0.0707016329290264,-1,0.3965212284190848,-0.2013374214498455,0.8185921488955312,-0.2583944335305222,0.0888849631284254,-1,0.7044938304511429,0.349754917271415,0.1153581681971587,-0.6764525240661424,0.3746971489402119
-0.31706214172235,-0.0707016329290264,-1,0.0388877293200782,-0.0823782754767063,0.4022330920909919,-0.2256107080577278,-0.1215125879600101,-1,0.5125567826611419,-0.1363667003570064,0.6956734836520707,-0.5337904519518502,-0.3530085363607121
0.4121181762486264,-0.0707016329290264,-1,0.9467510696486546,-0.3178099693500649,-1.210522862063812,-0.0993477191976737,1.72903611996745,-1,1.119081385644993,0.0058373835110603,-1.0939492887125264,-0.4690877348067526,1.519190959879569
-0.1035166532472292,-0.0707016329290264,-1,0.2609870006286692,-0.3850576836753762,-0.8275166095205562,-0.2652629582722095,0.2907654507067058,-1,-0.3523092368971636,-0.5330638889811248,-0.7358890568800077,-0.2839034536601146,0.9985771323517424
1.6968667984158772,-0.0218336640867705,-1,1.8953287244225492,-0.0739154922674191,0.6821448079612568,1.0148713718013211,0.9563218084683166,-1,2.275984806501581,0.0656581314744682,-1.2175596153599917,1.844625891865084,-0.0535293139555084
0.9787791123061258,-0.0707016329290264,-1,-1.3068847944223438,-0.2262069118520718,-0.4339504453054466,-0.3056336368851584,0.6949123039804469,-1,-0.2716498505301619,-0.7840145011727684,0.6521710687089195,-0.5591402052386314,-0.2712346405812978
1.1685124177191475,-0.0707016329290264,-1,-0.6418177552145524,0.2077946703897104,-0.6008520258452676,-0.2276357503054268,0.6366538628028786,-1,0.8827035902315474,1.377737661482783,0.7264586181805491,-0.3211612650136737,-0.5307064543547729
-0.4605761477135947,-0.0707016329290264,-1,-0.0662615169209542,-0.1818593031030528,0.3089248557257256,-0.2846067628483889,-0.0342316875117186,-1,0.1543659457353819,-0.5485384704907692,0.8347635687146809,-0.7616594271397122,-0.3274990054207561
0.4731523017783992,-0.0707016329290264,-1,0.1701200687174715,-0.3836367625538079,0.4390037434776158,-0.2308458096573282,-0.7347190315616193,-1,0.371032629414008,0.3688423458204563,-0.851664598907939,-0.4650993364170745,1.2563307936386847
0.640453840538719,-0.0707016329290264,-1,0.3854775425593291,-0.4480679318937656,-0.0381090728328001,0.1420163671771291,-1.0243432321075343,-1,-0.0137436348311314,0.396032645012582,-0.9676741201798236,-0.3053951312950845,1.2630742417047314
2.1125693399885948,0.0286428576318162,-1,2.8853277884485067,0.9877355401260872,1.65983018926223,4.4478649546958335,0.2209562992467089,-1,3.528335596724336,0.8264652335077253,-1.2503554249200493,0.94082808663532,0.6478000214451067
1.1343717618795957,-0.0707016329290264,-1,-0.1942281130548804,-0.1572814113502195,-0.3848859772930668,-0.2153596192695384,0.683598564948943,-1,0.0907189825835056,-0.3483364308820333,0.8313565320293318,-0.4871162574157373,-0.5188507694397267
1.9949381416735448,-0.0707016329290264,-1,-1.0615731125605297,-0.3876413909358774,-0.5409666782195061,-0.2964601969863933,-1.4669524983252078,-1,-0.1275094137975345,-0.7606364618203624,-0.3566789820966068,-0.4143260973819606,0.712150897005866
0.8914924247047854,-0.0707016329290264,-1,0.7794169631551703,-0.0623556101318988,-0.1807887613261045,-0.0505141036666851,0.0632203138793959,-1,0.4266877128580016,0.2998789647661369,-0.7022130560648695,1.695512402851932,-0.5064772845854761
1.1420626533033789,-0.0707016329290264,-1,1.0888817470545722,1.118031346792434,0.3129610599465666,0.3927043341759356,-1.1059677167495152,-1,1.1108526088849868,0.801186918046274,-1.018607747430922,3.425045678637449,-1.434224377315981
0.5828461057394139,-0.0707016329290264,-1,0.7586893945854297,0.2667978327776045,0.3723424536901998,0.2461740229241645,-0.7964735769293484,-1,0.9060887976833408,0.3778578663878944,-0.9743044486393408,2.6563672115496346,-0.9166822763543768
1.6300891546112928,-0.0707016329290264,-1,0.0206072659904422,1.287539930297525,-1.3380441347394294,-0.2170023092001316,0.2476143465411294,-1,1.1631003287948536,0.0202655577140862,-1.054961114814243,-0.5381309046169389,1.5420791364386168
2.072956319097504,-0.0638138243295133,-1,2.619824777437794,0.4874407564905549,1.825986934748261,10.437250141134689,-0.6639580314302169,-1,2.523839409707499,1.0019436103618826,-1.2611652345429407,1.587767202563238,0.1819128681455379
0.7879118934139548,-0.0707016329290264,-1,-1.1627282888626578,0.5635043217882639,-0.3141798135819889,-0.2982973270522433,0.3504905380346573,-1,-0.3062025115521378,-0.4349842088873079,-0.8708732215010296,-0.5613043014955182,1.3411996530684198
0.5730352891154856,-0.0707016329290264,-1,-0.3115827725977672,-0.1894827652681119,-0.8506307945791145,-0.2331970114779121,-0.3521065004764837,-1,0.1502541008132855,-0.3021521334918896,0.2358432619828201,-0.5014827363697723,0.116480087499663
1.220179431899438,-0.0414157018816193,-1,0.4668102758064942,-0.2449779585475126,0.5185189063886682,-0.0065250720138254,0.0396646808610496,-1,1.8988914289891237,1.0386186356752989,-0.9375645852388226,-0.3081503733194627,1.2328038019528853
1.4304710816952673,0.0088706133403871,-1,1.8373994579227688,0.3739483214500874,0.6079995143507677,0.1343088986698611,-1.257614559796118,-1,2.580989680289761,1.043403282145121,-1.243224626238364,2.621846040293061,-0.5988481220600184
-0.1016185806843074,-0.0707016329290264,-1,-0.5097377236008009,-0.329970450119917,-0.4855868057647362,-0.207735010470796,0.2117015595499868,-1,0.4279929572107295,-0.0248392652300222,-0.9358980629901248,-0.107988561531311,1.083486232830999
1.531956338078977,-0.0707016329290264,-1,-0.84838110153404,-0.2843977520065582,-1.373609461452548,-0.290718382149847,-0.3649265850943999,-1,-0.0664560447965196,0.6630603471261531,-0.1714746542147386,-0.5177647458510113,0.5654472264034976
0.7459077940994439,-0.0707016329290264,-1,0.6547316847785024,-0.05435972866437,0.5138103060654995,0.1584548936220721,0.724029115622532,-1,0.7071166161891482,0.3193723910031907,-0.444172278227486,1.0095340258691403,-0.2677047912537691
1.9399186876418608,-0.0423671855431935,-1,2.92087936001578,0.2676806197327353,3.785528847299808,4.941641797892453,0.2513002095306831,-1,2.534301650460306,4.572534061852168,-1.2473132858497864,0.4959081387042159,0.9724657560853316
1.2073119789404148,-0.0259845292369844,-1,-0.1181390102580481,-0.1106075370538416,0.1361769110405452,-0.2380290387959203,0.0549431386308495,-1,0.0047634882593291,-0.4076092512691765,-0.0087996542326319,0.5629159591333346,-0.3981230970441577
-0.7288945872901511,-0.0707016329290264,-1,-1.546450815108417,-0.3300605885387809,0.1267039536379745,-0.2764914350162422,0.5017711037334469,-1,-0.5055324381032938,-0.6240403498835033,-0.2021036948132977,-0.5302905196890603,0.6075378956757322
0.0463571283444546,-0.0707016329290264,-1,0.0025091610864986,0.3210610702424445,-0.507906254506602,-0.1892293894317947,-0.3286637214974263,-1,1.2033752426363222,-0.2263414159161276,1.7824895206854343,-0.522735919344903,-1.5270813024853769
0.4063253573877659,-0.0707016329290264,-1,-0.0697648501712594,-0.3838731989574929,-0.6381531384660953,-0.2499314279431352,-0.3665905687409424,-1,0.4763523932197848,-0.2639250461739233,-0.7611979593213494,-0.1196039180756709,0.9046308959574708
0.6387529703199963,-0.0707016329290264,-1,-0.9465359573135702,0.391644779065391,-0.2326145049650564,-0.3062502689938329,0.433049877549116,-1,-0.1714667789830746,-0.5084912797306548,2.1493074132121794,-0.914457294618917,-1.6250032734546456
1.605981168032894,-0.0707016329290264,-1,1.4514678957495597,0.163215828386599,-0.3985278690894453,-0.1225436990541014,-0.7149128404242242,-1,2.643541098653983,0.3287027154229782,-0.5691992481789224,-0.3762171216302055,0.8978255799812627
0.9602667422443886,-0.0001761786440253,-1,1.1662395130842735,0.516999474639078,0.7170263803831068,0.3192329914009312,-0.4298041989402884,-1,2.506580084263749,1.0727032130740417,0.4837874189532125,1.034836615776071,-1.2818596847289796
1.5870004424036848,-0.0707016329290264,-1,2.2787105792190148,1.006325098224881,0.742039277818703,2.232114994765453,0.8962048520703392,-1,4.777172959289219,1.829968508172023,-1.247860013295959,1.620172252966957,0.144410729828509
0.888435788369692,-0.0707016329290264,-1,-0.0231401045699313,-0.2248315808461278,-0.7882649837007855,-0.2492307125564574,0.3151249965418236,-1,0.1996843507611914,-0.3979008050468333,-0.7410856393862989,-0.5459752863425705,1.1973126423050355
-0.6150595341009426,-0.0707016329290264,-1,-0.3769766828872312,0.7389999449616669,-0.4658957947101736,-0.200879386038863,-0.8188625050400253,-1,1.3854534666369196,0.4483203333920327,-0.8684277828228222,3.1583903793451142,-1.3963875828930266
-0.4085393791379313,-0.0087866237848677,-1,-1.5761862103271371,-0.4879541385714234,-0.1577792345293574,-0.2678129700069374,-0.4818045469068946,-1,-0.5489677577007064,-0.7833746492361227,-0.6553930765392154,-0.55059029481167,1.0890911386026934
-1.101927471636685,-0.0707016329290264,-1,-0.374069987132223,-0.2634303209331466,-0.4735340562431593,-0.2165919610313069,-0.0782387419833519,-1,-0.5535627744780847,-0.6542324659328215,0.6339488182017587,-0.5473186454135978,-0.2768199667961493
-0.2190279263621329,-0.0707016329290264,-1,-1.599304051017311,-0.4771632517471771,-0.6290921821430566,-0.302852943083192,-0.3660112437810544,-1,-0.2356406434149033,-0.6643314605860415,-0.7787725665715629,-0.5679168178360061,1.2215707295699945
-0.9349217363926646,0.0637881100031273,-1,0.2918378237741892,-0.2722710247349147,-0.2323762209094174,-0.0914647000578574,-0.0456634579379448,-1,-0.4366113521505548,-0.3961942358523171,-0.0341660611757119,-0.4048532091540753,0.3522917587590934
0.1333973130155444,-0.0707016329290264,-1,-0.3592120499841856,0.6423226023279162,-0.5338014278733031,-0.3039058257934806,-0.6909435152843337,-1,-0.8337056051616546,-0.4924027215298019,1.4285294675200055,-0.8036959309743472,-0.9217438900348456
-0.6396112259537903,-0.0707016329290264,-1,-1.859646591306792,-0.4885661127004113,-0.2813732618432889,-0.3106777883693463,-0.1521905350165901,-1,-0.8273233633430902,-0.9638309665536962,-0.2704461826049014,-0.4327346704145888,0.6089512376244323
-0.6486578834939468,-0.0707016329290264,-1,-1.3157309071696597,0.4582247199519504,-1.0894385099626946,-0.3058915983222285,-1.177621149280308,-1,-1.012009039046831,-0.7899950564656161,1.840134938006436,-0.4509878968393456,-1.6418047608823851
-2.076107051982617,-0.0707016329290264,-1,-0.3154692528968043,10.753946354329326,0.1145096840291646,-0.3143581849539097,-0.2005095150839803,-1,-0.7732485818334444,0.7445831650553727,3.469847670547243,-1.0522061734078567,-2.9470143472950854
0.7568278739094965,-0.0707016329290264,-1,1.024703260510458,2.339171774560124,0.7897879186284622,-0.2520790254757373,-0.0586414864304705,-1,0.9259649878292422,1.1880225188605638,2.9089038974597194,-0.9772783167317888,-2.4004654287096603
-1.0868907928914668,-0.0707016329290264,-1,-0.6629566634392293,0.7535521706201165,-0.1948692319140049,-0.3105822805665784,-0.2590761319970123,-1,0.1348493970937535,0.8689920989449019,1.065155928753814,-0.1729692509541762,-1.0153296072103333
1.8121808691865835,-0.0707016329290264,-1,0.8380612524219837,0.0729047670952669,-0.7231346951676796,-0.1451126742169229,-0.6021041053958356,-1,0.1173230943834692,-0.2461574343060475,0.6462110655654872,-0.558222540637005,-0.2819380368497612
-1.7574280637560926,-0.0707016329290264,-1,-1.1319518852479602,0.8448285314488437,-0.9876880566738035,-0.301379216844636,-0.6393073528388385,-1,-0.853823516475786,0.3879378486189151,0.2071307303313942,2.194879634484927,-1.840077729201199
-0.5467289218357875,-0.0707016329290264,-1,-0.5520765829843259,-0.3859354613174754,-1.5160733398694948,-0.3106730844322053,0.2182203203208095,-1,-0.9848552770020096,-0.5797702166575861,-0.9295202753126186,-0.4625974666675179,1.4091666044190068
-0.8309221501204092,-0.0707016329290264,-1,-0.0619631598329879,0.5010177985098735,-0.2924979600515313,-0.3111805877560892,0.0967553724981512,-1,-0.2218863411863509,0.0528597504923355,1.6909692756964394,-0.5119138129127176,-1.4368757902401668
1.6167533460847965,0.0018533666140612,-1,1.295088500579738,-0.1435270947638861,2.4051613326902004,-0.0533722160443803,-0.1162778526718743,-1,1.5869825902729977,2.362789763067807,-0.787723211778063,-0.1938822731588567,0.9878339512357588
-0.7552211002407953,-0.0707016329290264,-1,-0.9685117058990108,-0.3956768475434736,-0.7080928772263408,-0.3108718724971573,-0.2254670436025654,-1,-0.9897697883947868,-0.5798562396433786,-0.4044157565312745,-0.4545522384532584,0.768753100624102
-1.3692105989061925,-0.0707016329290264,-1,-0.587006446109036,9.280347400951444,-0.8189097919880863,-0.2965403628732195,-0.2105229870590044,-1,-0.5208940162776426,1.244764650306698,3.4777351951370425,-1.0906707065807248,-2.928800697965748
0.0802512812537575,-0.0707016329290264,-1,-1.178657322611302,-0.1410528170370688,-0.4433610404265742,-0.2910799043774211,1.4182915318814195,-1,0.2121171537745106,1.066415238964182,0.0580854320086179,0.3417475596597733,-0.3143280552721293
-0.6362834363954231,-0.0707016329290264,-1,-1.5627699496437029,-0.0954530178705935,-1.4419765934770112,-0.3047162287216282,-0.4064579804625799,-1,-1.0197985074977105,-0.7227244141585366,0.6581973247821538,-0.4542354971849806,-0.3714406703493275
-0.0331893672470518,0.1146724126137056,-1,1.015100080057195,-0.344671013769959,1.0177345893809988,-0.2551406910884581,0.0224810943853303,-1,-0.2500200789543509,0.3184722476125299,-0.8298780678308623,-0.440301722109615,1.2146812877458653
0.7138624131670129,-0.0707016329290264,-1,-0.8521111227632099,-0.6709857738957472,-0.6310227281360351,-0.2395678767950798,-0.1075185732754866,-1,-0.6876509191272475,-0.7427551557691852,-0.3767786765954145,-0.4143260973819606,0.7094555539764259
-1.0978355229945425,-0.0092382881599721,-1,-0.5000119144374139,-0.5138912561444425,-0.1511652216315238,-0.1945718956144547,0.1018958660155409,-1,-0.923154093874934,-0.5822465278062342,0.5266083738080163,-0.4312965006464143,-0.2471806478005396
-0.2869641339388889,-0.0707016329290264,-1,0.045177249948684,-0.5253456083590476,-1.513502985624466,-0.1495544883400419,0.8617446065149814,-1,-1.0405315783603075,-0.7417819760823605,1.000050396572894,-0.4801506918622656,-0.8161086006865197
-0.3308663058163209,-0.0707016329290264,-1,-0.4516985145970509,-0.550577299645175,-0.2540351083853781,-0.2385095058968447,-0.0972200969393867,-1,-0.9674027260998878,-0.7965329445420702,0.4691562918761327,-0.4388115745557939,-0.2057891877594476
1.0930578707697822,-0.0408394502517336,-1,1.472193653294083,-0.1667325125336712,2.119503147758015,-0.0456599167928355,0.0871530366322477,-1,1.8176272838951,1.8257224842239324,-1.1453394824499388,-0.0735156760442348,1.281870564580377
0.9090434333385484,-0.0707016329290264,-1,-0.8391050887282749,-0.4133095820607359,-0.503217665075988,-0.1329042288393416,0.1508094132870088,-1,-1.0133864266004913,-0.6870074280414781,-0.0371222825294826,-0.2690152001329862,0.2631474327242752
-0.8223438481477272,-0.0707016329290264,-1,-0.4706169524977689,-0.5751571770357835,-0.5618919170747956,-0.1483326146236591,0.0400717523767326,-1,-0.9669703337973466,-0.6594229353527443,-0.0265745104008645,-0.3984705381275807,0.3220737711321171
-1.052676186172839,-0.0707016329290264,-1,-1.4353199495884634,-0.6653709777065142,0.3630824893510802,-0.2990793898827885,-0.0276536619524729,-1,-1.0399615765348942,-0.8767887281632093,-0.4170869087040338,-0.5110431008241418,0.8239833065269923
-0.5901627381457457,-0.0554174369215495,-1,-0.5761215675165033,-0.5846737631241604,1.732111490245836,-0.2568296628279061,0.1073717746421108,-1,-0.6890687904044311,-0.5429728355986103,-1.0133166884989275,-0.3696621969753961,1.3562419613612224
0.0450753131071568,-0.0707016329290264,-1,-1.157482955765534,-0.4599959330171108,-0.4088962079556719,-0.2694603589156258,0.0771456905855236,-1,-1.0400215950716276,-0.7952377853564163,1.1466680311018662,-0.4110198392117171,-0.9029503377446356
-0.7253942456806088,-0.0707016329290264,-1,-1.51661355769364,-0.3883461745302868,-1.0360716974623974,-0.2933875964547804,-1.5248343420233803,-1,-0.9837048392386768,-0.8907270997860249,1.3632692853505557,-0.3972220688949526,-1.169856455920402
-1.305514241729728,-0.0707016329290264,-1,-1.1063686229263596,-0.5810552978316382,-0.1177070730999493,-0.2943960190129596,-0.139870592027467,-1,-0.940217523204972,-0.3335971889096794,0.2990735509269853,-0.3485015029016564,-0.0398498082078476
0.5140471379067867,-0.0707016329290264,-1,0.834880814081385,-0.5470076663238539,1.0824248296058947,-0.1152322137541962,-0.1325438567912441,-1,0.0935903867470809,-0.0831654589034959,-0.1936152840793212,-0.3259863365979356,0.4420352455653366
0.8849847473461995,-0.0707016329290264,-1,0.6751943392707316,-0.6026476069348072,0.2971566102358437,-0.1786895257990889,0.1283207586725544,-1,0.7096423927798174,0.4035495561792709,-0.9703381164486584,-0.314070176558112,1.272326112155138
1.663712154297322,-0.0211290154197272,-1,2.155876698306411,-0.3205787523830033,2.7029173460889546,0.1382687627052801,-0.0306732928316318,-1,0.9757315928088554,1.4008585720302935,-1.107741728886135,0.2384137741752317,1.0131137249611983
-0.8996964676600132,-0.0707016329290264,-1,-0.5841209702990506,-0.4785661529555228,0.3681320632612604,-0.3059908009827494,-0.3448282961991775,-1,-0.5919908757602533,-0.3994457564319543,1.0055210795514,-0.4668796042654304,-0.734726630507304
0.3225636616889926,-0.0707016329290264,-1,-1.3630382525475302,-0.4317680219790314,-1.1547433253005637,-0.3050928512916514,0.2580717420025896,-1,-0.9493229855987388,0.1020925616214381,-0.0572104245639553,-0.4751723611872852,0.4114729246040697
1.686291822708175,-0.05248227238833,-1,1.946214414396357,-0.6119097777272218,0.9472692699481028,0.3669778616270175,-0.0183022628100145,-1,0.5581891595224012,-0.7385381418651534,-1.1073885919322817,-0.0192767923324646,1.202074276126751
0.2601244694568003,-0.0707016329290264,-1,0.4147154377592013,-0.3998661864306576,-0.6565523502225832,-0.2423153374645356,-1.2130571057795874,-1,-0.868419845998619,-0.7168422617047113,-0.3136082081705911,-0.3721844257834587,0.6106263095636322
0.0091844864628325,-0.0707016329290264,-1,-1.6703483662600045,-0.608393500008338,-0.0886454606415209,-0.241957341711399,-0.4840469689156879,-1,-0.6893574378378575,-0.3724220369878787,-0.4719140094515486,-0.5117971315162586,0.8833570128950919
-0.6938911711947247,-0.0707016329290264,-1,-1.4627932958108962,0.1080318892611469,-0.410257415949964,-0.3007041204775781,-0.5833918029417717,-1,-0.8825625392193225,-0.0451849592308562,2.384931455790424,-0.9348426697985088,-1.858914086968109
-1.4071967004576358,-0.0707016329290264,-1,-0.668030712650464,-0.2382389890356931,0.0154361318252772,-0.2697341061904385,-0.4014365259172394,-1,-0.4734795791591351,-0.1138291319618973,0.5391931155645241,-0.2557201697294165,-0.3900903824333434
-0.6417065008609121,-0.0707016329290264,-1,-0.1100223049937213,-0.120095541730453,0.5095145713816434,-0.2895148640362638,-0.4521204001392614,-1,0.9819772952945592,0.1200117667506538,1.0072490231138995,-0.7383951215181435,-0.5364591901938518
-0.0404365533963871,-0.0707016329290264,-1,-1.3120609788354354,-0.6230736156981364,-0.7698803164054832,-0.301124288098951,-0.5021836870449036,-1,-1.0374759790336925,-0.6945556510267719,-0.1378516629563648,-0.5155402587871614,0.5851219884248469
-0.2833898414502719,-0.0707016329290264,-1,0.409206550214067,-0.3716139231561412,-1.4491186814637578,-0.2841182256774983,-0.4948706164128827,-1,-0.994761886608764,-0.5870713657714325,-0.3705744341608338,-0.4824642547068117,0.7409195583200918
0.3219967049494193,-0.0707016329290264,-1,-1.0034534597820803,-0.2923275886693695,0.3872079488493327,-0.2691022166224023,-0.366406472175884,-1,-0.2212626474361976,1.1625164833584651,-0.0516633571301577,-0.5913653226462975,0.4911623877459693
0.5039405177665571,-0.0707016329290264,-1,-0.2009920084157504,0.5764463956800381,-1.796474243907702,-0.2679767751113099,0.6302220730512965,-1,-0.890272606086459,-0.7150155828259169,1.8440455302250467,-0.4927286398521334,-1.649227113633374
1.688559649666468,-0.0707016329290264,-1,1.4633558908297486,-0.2125484678804146,-1.2523107958909223,-0.1644391692481755,0.5535831813521447,-1,-0.3736676233206555,-0.4177407174917248,-0.1103077267660757,-0.4359401433307177,0.4395189610280489
2.276247285674246,0.0573595015538717,-1,1.5718466378876217,-0.2001943100488209,1.265756402691787,1.6128534009217743,0.3365155296913663,-1,2.565943469941547,1.499513828549933,-0.5335593954908188,-0.2349342986567438,0.7930769472868985
1.469418544674686,0.0616028094639122,-1,1.2736628965597243,-0.4466209046752613,0.6101543140907821,0.0460520917046463,0.4478280192031662,-1,0.8113325766517946,-0.3624906407540114,-0.283359795205333,-0.4008211949276083,0.5992829242651764
1.1882573024321317,-0.0024288253536628,-1,0.3617716999424753,-0.3213846082501996,-0.2460807692964694,0.050570043021936,0.3125106101216117,-1,0.8299533459438145,-0.559487835072792,-0.0030353746720955,-0.4648426466342883,0.3302270579738451
1.1693505276819962,0.09012762111822,-1,-0.0475884732497363,0.0579548724894928,-1.020100031523654,-0.0901065514445367,1.4215440533272554,-1,-0.6331540107922877,-0.4414208979412207,1.0713584413715675,-0.4774193808879791,-0.7975879033555969
1.1165989006086086,-0.0707016329290264,-1,0.4052710001652575,-0.0409113028059063,-0.0862631363172099,0.0817578277731552,0.6037913693487524,-1,0.3176038192794919,-0.3688768730231873,0.6616118728368069,0.20732656956855,-0.8627096630639396
1.791425322459576,-0.0334614861417034,-1,0.9816640567316436,0.0550493215987625,2.286325406748912,0.2203094386202018,0.1923276998025719,-1,2.300385331367948,3.748427211273384,-1.0672706551021487,0.5525743946838604,0.7375518859087491
-0.2079106442078811,-0.0707016329290264,-1,-0.8947697961871097,-0.382394820518388,-0.2912366681498993,-0.1916603926188386,-0.7923749741052696,-1,-0.8475103001666271,-0.5367184309168759,0.2838701557280155,-0.5700136194804297,0.1336824474486475
1.6212396994153375,-0.0707016329290264,-1,0.2950201814081842,-0.3663330060070286,0.6666098688764086,-0.0990589775141422,0.1686289976050222,-1,1.1094398915860424,0.2434580702127628,-0.5765770159482387,-0.2000942176398678,0.7597768664985366
0.1504553157888087,-0.0707016329290264,-1,-0.1176419957205048,-0.2077717035936184,-0.3809578020534117,-0.229151188566495,-1.5248343420233803,-1,-0.4377207763298816,-0.5569480495384623,0.5375870867062659,-0.4838695955052206,-0.2051337248267173
1.8388771365326,-0.0264313539138878,-1,1.9350116381573077,-0.2709299630545621,1.5991351840289871,2.428258218320524,0.6330342088117183,-1,2.120666864901291,0.3932200249467261,-1.1972988388549364,0.5901270657182645,0.8512182522423838
0.9485825033505652,-0.0707016329290264,-1,1.9192190854315443,-0.3864403959517687,-0.2689265419793235,0.558787682300147,0.6721493981582596,-1,1.301043379333952,1.5325939704246851,-1.144310467028901,-0.50665723997514,1.6188172592780394
0.2429678655114363,-0.0707016329290264,-1,-0.1634035726913202,0.1410608336754708,-0.0974883290327668,-0.2935160866784598,0.2658350323988706,-1,-0.6321069877511492,-0.3559293070221621,-0.4195078070602108,1.1025369443354365,-0.3627126037728244
0.4998978697104673,-0.0707016329290264,-1,-1.5709173167489792,-0.3972138777765923,-2.1592472285978674,-0.1751126236802764,-0.0169736014685102,-1,-1.0000761620574845,-0.7520790273225931,-0.2938674367878338,-0.5350045205958532,0.561211687357235
2.0519296191472227,-0.0642017202043557,-1,2.270972193717181,-0.1306163011826852,1.878348943956951,2.34430664473882,0.2201796905382737,-1,2.1102706493270187,-0.1630528992977235,-1.1978794915406998,0.5558831236598639,0.8752289873053314
1.5390802727631876,-0.0707016329290264,-1,0.0722093272433694,0.3150849311320347,1.346131387962201,-0.1729905264105417,0.1431662989067973,-1,1.2734936996366697,-0.1900264346340126,-0.3960560672758667,1.0569603657897015,-0.3530059748181751
-0.6361355346372746,-0.0707016329290264,-1,-0.2303673360517752,1.6979125824307788,0.1243619870088898,-0.2442515787113535,-0.9429537293230924,-1,-0.6977100678801569,-0.3678489128049375,2.111203741288094,-0.1460474756068487,-2.1596689307078347
-0.3853188031084305,-0.0707016329290264,-1,-1.9141169413703552,-0.273793067713547,-1.1098926001640566,-0.2751771347015684,0.3178167599869314,-1,-0.9857875992077858,-0.5044442622471574,0.0259882785537651,-0.3788820849694888,0.2512472389716543
1.506246082453956,-0.059694465958149,-1,0.769560133295839,-0.0878410709635245,1.40250203149217,0.008812570812114,0.063934354288729,-1,1.5359204522149923,-0.1344566515696428,-0.5985412698156902,0.2889043929126486,0.4290424568774747
0.3610920696869863,-0.0707016329290264,-1,-1.1197895567209433,-0.3184215679969897,-0.8458378216035392,-0.2769681722947842,0.4341280778672825,-1,-0.980933447055152,-0.4854657871311087,-0.0314704418911835,-0.3655123531606114,0.3030341668406671
-1.4339915689757554,-0.0707016329290264,-1,-0.5786850514012541,0.3100085713073099,-0.1022652739871824,-0.2903954818305423,0.2476064586228094,-1,-0.6539100665865244,0.1431665745332757,0.6339488182017587,0.5855808378188606,-1.1181795444858835
-0.0744293074777904,-0.0707016329290264,-1,0.0140724728188769,0.516999474639078,0.7170263803831068,-0.3017319057577258,0.3891891080203883,-1,-0.999673830436528,1.0727032130740417,0.4837874189532125,1.034836615776071,-1.2818596847289796
-1.4787811514020843,-0.0707016329290264,-1,-0.5550468972563306,0.2170589494649822,-0.0938288180351337,-0.3013094959028345,-0.0163828019412057,-1,-0.5681796675651061,0.359044385190251,1.4135958351115758,-0.5373163677838587,-1.1205894201501363
0.7435167156760233,-0.0424398216907703,-1,1.195564451999546,2.7852169802484616,1.5431061935318988,-0.1771552759837294,0.1479731904706206,-1,1.5629212669242742,1.5409291515849368,-0.5350413082083374,3.570747692438332,-2.057970084652858
1.2389383048914226,-0.0707016329290264,-1,0.9261420952944908,-0.1685063695462052,0.3921403784797124,-0.0472991117903022,0.2556980107569717,-1,0.888966042213526,1.0540414684945985,-0.8711055381754592,-0.2415365368711607,1.1124093368776808
-0.0554239315555562,-0.0707016329290264,-1,-1.375853335857422,-0.1055841140528963,-0.106526750304729,-0.289379814511609,-0.014794749417373,-1,-0.7544755392623212,-0.472819954736999,0.9186466338527242,-0.5196454485504489,-0.592934197848901
1.4160506602756733,-0.0707016329290264,-1,0.5647722517855427,-0.0740827326982429,-0.1187477994707648,-0.0827641117656049,0.2446081390597758,-1,0.3029774944253889,0.2945438979913645,-0.1586221519953264,-0.3552706987879284,0.4413549441332086
-0.3751628823821503,-0.0707016329290264,-1,-0.6638633065480334,-0.3184287269852464,-0.3742788583764734,-0.2754139275505731,0.7974064758154006,-1,-0.7344284514215847,-0.161283862348951,-0.3823060925825864,-0.2695119895252899,0.6086497246753764
1.903510204844013,-0.0575746759591356,-1,2.4331739561575647,0.346090870852993,2.495712341426983,2.961915282597961,0.2997654823833257,-1,2.35093504720626,6.032000133103261,-1.251116042177367,0.4332695736519352,1.0227132176495084
0.0958549167385498,-0.0707016329290264,-1,1.2074977136746896,-0.5850988480362144,-0.8007132072038189,-0.123861685078096,1.276761259808249,-1,-0.570034428700335,-0.8156544256024045,-0.090653613730038,-0.2865489433907807,0.3606464560489182
-0.6376392025117946,-0.0707016329290264,-1,-0.5223630485965223,-0.6331929211847904,0.2158973599025721,-0.1775967759082171,0.4985252165032949,-1,-0.6213091512287517,-0.8535077867989789,-0.5531591418040502,-0.2705967393968754,0.792738625110803
-0.3432407529148447,-0.0707016329290264,-1,-0.7841802531835106,-0.5726854873788993,-0.8993629147690657,-0.2448124009929831,-1.4568617936984214,-1,-1.0360123462181836,-0.4982894364893929,0.1003245980868042,-0.2999991701266944,0.1133591639918904
-1.5303742147033006,-0.0707016329290264,-1,0.0331610220200303,-0.594156489551473,0.4109650314400733,-0.2665436708718553,0.2953753543704149,-1,-0.7776775963277389,-0.5830150612624425,-0.5786241574990055,-0.0112155860658986,0.642960943619533
-1.1536684366960503,-0.0707016329290264,-1,-0.8510822341560487,-0.6370152179286708,0.2651770445620156,-0.2791325001601876,0.0447940711106018,-1,-0.9336447925992656,-0.8670581504210823,-0.4738066982407365,-0.3049341454039004,0.7329186120024851
1.0788100014013624,-0.0707016329290264,-1,1.3379505598403163,-0.2944390546184451,1.834985213861605,0.5021673742722671,-0.07926337452475,-1,0.7625503327715747,1.2575559203887177,-1.2031756912970064,-0.0672625888217741,1.3416829351783368
-0.90854592285597,-0.0707016329290264,-1,0.1966220343040004,-0.5183573257359994,-0.1027766678901236,-0.2023837607984163,-0.0563254606524834,-1,-0.2069558829962702,-0.5988803191254893,-0.9816891453039054,-0.2977154861865147,1.2724491148448136
0.2372243472366238,-0.0707016329290264,-1,0.0151245664728704,-0.5962951229346313,0.5520229697204705,-0.2152437212392143,-1.0389509888359367,-1,0.1872849395867082,-0.6207048466669453,-0.7071674049195614,0.2110075501809352,0.6029895043135526
-0.4048418351841882,-0.0707016329290264,-1,-0.4105990591354271,-0.3891050118408654,0.2677174620356326,-0.2972222282364801,0.3581667809352062,-1,-0.2934301907007651,-0.3085069268687398,-0.0105487681716132,-0.1406085564610653,0.1247618677577179
-0.5430806784680949,-0.0707016329290264,-1,0.0762444188195701,1.1107838474301606,-1.366165426779372,-0.2687663065661868,1.1306905939171463,-1,-1.0148943467933491,-0.4286829920438064,-0.6682534615003585,4.102695348263612,-2.2916208621167278
0.512962525013688,-0.0707016329290264,-1,1.1358909921664664,0.387730581787499,0.5713890067776058,-0.0611045628727571,-0.0692974623260626,-1,0.9837722383657448,0.4385933068636172,-0.672337002788467,1.6133788735622934,-0.4679973229288662
-0.30784293213102,-0.0707016329290264,-1,-0.7492167149801156,-0.1980889086270448,-0.1706607870185029,-0.2100204475703035,0.5283494003455246,-1,-0.8768217757878022,-0.6854572619411032,0.9241773776038864,-0.3871534722874422,-0.7062242848637936
-0.7582530862828637,-0.0707016329290264,-1,-0.4917349164177274,-0.2199354601338923,-0.1225649140011311,-0.2423976146410872,0.4604442046479077,-1,-0.3952949696957946,-0.5540218643752163,1.1026109327574136,-0.3877403540389434,-0.9087399144758208
2.130292900673534,-0.0524702753910686,-1,1.6461356403021676,-0.098165759351309,2.4005609976658544,0.1203518056554582,0.4328740226002698,-1,2.030254788078558,2.784626572225402,-1.0170676926885995,0.3120208819530363,0.8609952083331647
-0.8256469874130704,-0.0707016329290264,-1,-0.3935720423601413,-0.2364292951789109,-0.6358186470883954,-0.2503637018188049,0.4880948846466986,-1,-0.602472071208707,-0.0382726657772922,-0.1729552120684451,1.2374598203581904,-0.7266569038969848
-0.2284689885906877,-0.0707016329290264,-1,-0.4014396196582931,-0.2837121923673969,-0.0284117516535488,-0.2478119797930545,0.3424128630187895,-1,-0.3035030353821913,-0.3581580763369548,0.3187742708032303,-0.4236488940250942,-0.0298550598068344
0.3380933462947103,-0.0181427140053558,-1,1.160759534762326,0.2401073518082714,-0.0097853105184373,-0.067539968282294,0.6778118199500397,-1,1.0026838697317788,0.1388473645384356,1.036147339372919,-0.7255856108481235,-0.5769022852163241
-0.8412752731908885,-0.0707016329290264,-1,-1.7512407967803805,-0.2381774024287765,-0.3406589529277422,-0.3046225560751509,0.4745546611671777,-1,-0.9427819983895568,-0.8312612628125289,1.1559081971356808,-0.4020537153602088,-0.9438404500138716
-1.911590996334117,-0.0707016329290264,-1,-0.0662312645537677,0.023879850238425,-0.4234458035682237,-0.2506794625084448,0.0806262298466916,-1,-0.372387007982316,-0.4351570126300405,0.9166366644028432,0.3741062676154691,-1.259222994726428
-0.5126375665822854,-0.0707016329290264,-1,-0.5116804555279063,-0.3416406958292967,-0.5024839922085383,-0.2973150176367858,0.2643647075257164,-1,-1.0115717869208696,-0.8823167512788374,0.7685019159466326,-0.4143260973819606,-0.5191896125634273
0.264955926889691,-0.0707016329290264,-1,0.3042051139642172,-0.2532853160072898,0.0116488906006708,-0.2065006389780804,0.1390408941873142,-1,-0.0588160386934051,-0.0283189430142751,-1.1930190100435594,1.695538937829221,0.0300286740896452
-0.3365851737981095,-0.0707016329290264,-1,-0.622204819680914,-0.5425873611843189,-1.0067463300233914,-0.2872725941632324,0.8749178713098051,-1,-0.2317412923090691,-0.3319419084461618,-0.7204397575369804,-0.4300667612794251,1.0317248292355363
-0.9380030230207828,-0.0707016329290264,-1,-1.049353502579481,-0.3887484745161194,-0.6433789250355024,-0.2918302043307221,0.941777191028659,-1,-0.8423006216913825,-0.3711722724094772,-0.0936396127627239,-0.1040101519748094,0.1769877881605571
0.0269326974407955,-0.0707016329290264,-1,-0.4504757347943921,0.2298025252867295,0.8071706002862217,-0.2948537373187982,-0.4826704198743108,-1,0.0949151414241297,1.1849242283689267,1.9479283975064063,-0.9427930443111716,-1.3949583104016352
-0.9480849928679848,-0.0707016329290264,-1,-1.2878928824941134,0.255206592539378,0.317114636229644,-0.2878089883469032,-0.6152763819305047,-1,-0.8201328400614157,-0.7861367456030488,2.5439148619554297,-0.9624860824507072,-2.019811620489115
-0.2926830019206766,-0.0707016329290264,-1,-1.3935133056663902,-0.1342059069267033,-0.5856996828286639,-0.2953446195619382,-0.4396101330320306,-1,-0.684168094423809,0.4912758956992809,1.353727713234602,-0.674248855073421,-0.9554371019006402
-0.8523186044660639,-0.0707016329290264,-1,-1.580785881249072,-0.1487175379188333,-1.880678841449165,-0.3083446498582766,-0.3796759155129486,-1,-0.7743227898886889,-0.5579689084686371,1.3283912964335496,-0.6424579111287708,-0.9516880473180682
-0.8898610007430584,-0.0707016329290264,-1,-0.8289056092157514,-0.4777309461254498,0.4176936183864088,-0.2613498917626995,-0.3590301561429292,-1,-0.3553850748616879,-0.2622287350217082,-0.199901365005909,-0.6556829438097458,0.6975960446468905
-0.9968679227643574,-0.0707016329290264,-1,-1.5829999691379104,0.2523649663332756,0.1966798721910225,-0.3036070923169452,-0.5062116253895593,-1,-0.3405212619506398,-0.3168899060023056,1.5164357256176595,0.0380554962816065,-1.654994196553001
1.6622824373018747,-0.0351066050463661,-1,1.989827854455416,0.3015815805072434,0.3422763923727605,0.6939242734126523,-1.1579752954258615,-1,0.3517583210251331,-0.6379385521273347,-0.6924061088891819,0.473895616482379,0.3944076040136072
1.4348341835606826,0.0008494649687975,-1,1.3738892291022244,-0.0392633348651222,1.1654381965458147,-0.0305031877234261,-0.539388488384955,-1,1.3688632585879918,1.0037395863142722,-0.9526741328358856,0.8955427837445988,0.3618282527872761
-0.9417745178536,-0.0707016329290264,-1,-0.1288043358076791,-0.0434195224864965,0.2348442244413774,-0.2865895320718687,-0.3212504122205851,-1,0.3474034046555549,-0.8428724860643552,0.7057002462103014,-0.2092425342323403,-0.6029739611331271
0.4476392484975764,-0.0363087631535318,-1,0.5739317358807942,0.0904359753363581,0.3733125243550675,-0.2192981105758507,0.4480516997700466,-1,0.6115084296312187,-0.3205931583592509,-0.3857933464457376,0.925049020348192,-0.2680632300309761
0.2481690773397022,0.0648168608098971,-1,0.8103029628559268,-0.3081023357367197,0.3868948616837014,-0.130603407101709,-0.1962593060600217,-1,0.0556046945287684,-0.1965848796894721,-0.2858764616300745,-0.4235174018298459,0.6187110714478946
0.5941852405308914,-0.0707016329290264,-1,0.8245899577571641,-0.0252017268428458,-0.4475313862912513,-0.2397623776956559,0.1603065276435055,-1,0.0413684913017459,-0.2250620964324972,-0.0624485144333417,0.1701645789070113,-0.058554839351912
0.2803623600302825,-0.0707016329290264,-1,1.0419094952065775,-0.0079993685325937,-0.1067700988600425,-0.1612625967721397,0.326161630394069,-1,0.3498330805885135,0.3210060802876977,0.2949322646009545,0.2581089415311049,-0.5067688428247799
1.0261076749140243,-0.04023436846177,-1,0.8479395086503122,0.3449761697354696,1.108950167679685,-0.2104392064201501,0.1095644746539444,-1,1.388746904156653,1.3197900394586075,-0.9614497627589528,1.7793686911764777,-0.2801833376230763
1.3917701216460994,-0.0587941605778898,-1,0.6290860632522013,-0.0946670969060453,1.3314810499660978,-0.0874421176335817,-0.1457864308116903,-1,1.5932564787545198,-0.5141452094394968,-0.8724904192346769,0.0221253302766065,0.9215108549672948
-0.3418849867984723,0.0483288599275217,-1,-0.2519348300034351,-0.186314460879372,-0.74822447720173,-0.2603971956219192,-0.2765057226402805,-1,-0.7785332183835126,-0.9041218182855422,0.5608348501174728,-0.6616423721166045,-0.1141214827968563
0.4345006423152793,-0.0707016329290264,-1,1.6309621531604892,-0.1844943330731876,-0.0843617900798417,-0.0962623612314081,-0.9334243175538384,-1,0.1732924472014039,-0.1450685908488913,0.1098080221178411,-0.668035853272585,0.3639422900450839
0.6601740749586767,-0.0707016329290264,-1,-0.2436809144328237,-0.0962064561801444,-1.9010103609614093,-0.2604217239729418,1.8263225938211105,-1,-0.1974041245009587,-0.3661421721676016,-0.2850916815475367,-0.6907616639856639,0.8148421890137653
1.9080458587606048,-0.031831151826373,-1,2.02096377793716,0.0436015704656097,2.0205939082070805,0.2793818135772597,-0.1515425947276669,-1,1.572028825183221,0.957251614508976,-0.8668665810077626,0.7981445526047375,0.3415623980733031
0.4353387522781291,-0.0707016329290264,-1,0.8506190987559761,-0.1124107708659752,0.2191457382789321,-0.1787583311476378,0.3388580369609834,-1,0.1755322704309761,-0.347444104374975,-0.3323897093327027,0.5930763920557491,-0.0806728808941456
-0.5734498394748315,-0.0707016329290264,-1,-0.4633452168452735,0.0729047670952669,-0.7231346951676796,-0.2281272502276247,-1.5248343420233803,-1,-0.8980683361217267,-0.2461574343060475,0.6462110655654872,-0.558222540637005,-0.2819380368497612
0.2474542188419769,0.0161168771171753,-1,0.5343197678553419,-0.2017516780486608,-0.4631633596160175,-0.1934942442576326,-0.6828514272041474,-1,0.1461013353545805,-0.5158796423587199,0.1885098173073948,-0.4276525490252131,0.1128422012022594
0.3360473719736382,-0.0707016329290264,-1,-1.0833663428637832,-0.2484380148417378,-0.0201432099121655,-0.3027752369297773,8.329459660192779,-1,0.7305316084710167,-0.1388997958911388,-0.0400177991475883,-0.6867631010962207,0.5489823140546459
0.2372243472366238,-0.0707016329290264,-1,0.637512460890052,-0.1293152524206517,-0.6652920219100253,-0.2367253308312618,-0.3882230751819103,-1,-0.1948412263711051,-0.4878989546486861,0.8858968034098909,-0.4361787745582795,-0.6229308512629702
1.8479730946588064,0.0688282606063201,-1,2.2277183694655207,0.0445870445287173,3.692894144200198,2.603893403077923,0.4940182954120404,-1,2.1320383008300263,3.598908597136124,-1.250723060554535,-0.2353941570917879,1.5150100666786597
0.4509177374698948,-0.0707016329290264,-1,-0.790089267516563,-0.1338283780929341,0.0893112491624002,-0.2808392329016016,0.93725726868827,-1,0.2760284180664901,-0.4825577107179722,0.4901617125306893,-0.7318623429857385,0.0134517249631083
1.3914743181298,-0.0254489045564553,-1,1.9454426657258796,-0.0813159098313095,1.5793071718340173,-0.0496052567164245,0.3514054551093936,-1,1.4037232856374664,1.1354332167836865,-0.9664602543915076,-0.1698065076758436,1.1618361002688955
-0.0695238991658259,0.0505814069475159,-1,-0.8563729027792111,0.3634407761391857,-0.7651598432842233,-0.2748824707912202,-0.5673354894707054,-1,-0.1309488555412967,-0.2616091254051677,0.3694881279434425,0.8910647323474108,-1.053273178317325
1.274829131535747,0.0190557692736861,-1,2.3395860273431874,3.019134755038593,0.9606498832133528,0.2995319424544231,0.1573212981537657,-1,1.2080824236729053,1.6951198444586044,-1.2255551349550928,3.585626811312208,-1.3275543046447782
0.343146656364825,-0.0707016329290264,-1,0.1131145135193811,0.2965981892829908,0.1041634265783648,-0.1492591577404945,-0.6915340985997998,-1,0.7642332689796537,0.2939069499580068,-0.7322487047359613,2.155985606242665,-0.8036542570332457
0.5188292947536259,-0.0013840243015463,-1,1.50284521177398,-0.2594034700440629,1.906339306348033,-0.2601851058975965,0.1602823444139459,-1,0.1020704460797095,0.5637413381052594,-1.048809500279528,-0.5290042594367828,1.5136326873270984
0.5267420388146341,-0.0707016329290264,-1,1.388089782022223,1.0849471541743665,-0.3905327429542005,-0.2496737520961804,-0.4136950481177361,-1,0.1145664274917754,0.1750485472600434,-0.4453186348363474,2.8005470970361306,-1.5865454522216011
0.5568153963050703,-0.0707016329290264,-1,-0.9720877001113613,0.1558933651758841,-0.2467751686520781,-0.2079210776579033,-0.304346661526483,-1,0.4519877398864544,-0.1975976149622156,0.9038130593126044,-0.709746877409569,-0.4466094154666712
1.605463511879372,0.0750940189526222,-1,1.5138245831485522,-0.3669627403574541,-0.3052929130050494,0.220180250592372,-0.1138277161429311,-1,0.6011565059620654,-0.7453527247197996,-0.9080406795075456,-0.2242419488999752,1.139285956878494
0.1063559415671758,1.6035509471707077,-1,0.838045646891695,-0.5118004942273962,-0.094602223095545,0.5392582419529599,-0.0168643681219016,-1,-0.4358399205654272,-0.8378669784499013,-0.8254273319045609,0.1300481036850862,0.7700515870470444
-0.8103638057376026,-0.0707016329290264,-1,0.7228668552026057,-0.4835370695272315,-0.0247247535859888,-0.1250697070833901,-0.0881199392296338,-1,-0.5232173038347397,-0.6881824927757011,-0.1844225390991807,-0.676716710386373,0.6762784355694956
0.4380995850969229,-0.0707016329290264,-1,0.8413943955120623,-0.5197642735057811,-0.1734805343748432,0.2112543723766246,0.3174627763533763,-1,0.3811091323628809,-0.6707218604678952,-0.715164387029605,-0.6380226867540543,1.237348347303301
0.0213617312171563,-0.0707016329290264,-1,0.3498356360930627,-0.3298749205779647,0.4938646459995115,0.0688657078149656,-0.1915503487183193,-1,-0.4185105826371339,-0.6050326851584865,-0.911838294391366,1.997045360491471,-0.4938451162927403
1.8654501524134948,-0.0645746121593862,-1,2.4736292465799905,-0.4042645239026081,2.557873774891441,11.713121247121464,-0.1506689186508084,-1,0.6801483274697249,-0.880081884608666,-1.2596524857552096,0.3742579489745335,1.0753656848409452
2.0364245848345317,-0.0423964418785635,-1,2.4936310036300187,0.1799453513111073,3.160307295071052,0.6131148126909967,-0.0683434605315093,-1,1.7362939558241288,3.578211604608706,-1.2608069834707492,0.4947510869667348,0.9877944629851791
1.2621342306278978,-0.0402827291990196,-1,0.7213583190395411,-0.2088800976343348,0.4842304205482313,0.1845369234807453,0.050937880322725,-1,0.1242282777545242,-0.6805742001782216,-1.0721168050142555,1.8726676037855488,-0.2302270663523859
0.5803071255578449,-0.0707016329290264,-1,-0.082943222855914,-0.5290418430569478,-0.4852578212334181,-0.2405709685189929,-0.0795352065107173,-1,-0.7040832460535722,-0.9624313057069394,-1.0855884914210054,-0.5421032513731414,1.5640378438988198
1.3536854189225564,-0.0416282659764394,-1,0.9686610028568914,-0.2190788085814001,1.151254320243483,0.61339968033098,-0.1302901852369611,-1,0.0704510960425347,-0.5299304089170835,-1.1485212120555488,2.2322108237163847,-0.4132633979546969
-0.9941810408246374,-0.0707016329290264,-1,-0.5564352542778929,-0.4771649566071886,0.5797620690644709,-0.2557553533563236,-0.0053542260094491,-1,-0.725646277417097,-0.7827506034599807,-0.2567397220886258,-0.2520145774472188,0.4610469126145385
-1.6596157010331014,-0.0707016329290264,-1,-0.0422444362226988,-0.503094148670924,0.2091175711183745,-0.2269554663197947,-0.7124650172698607,-1,-0.954678215356273,-0.925569535896178,-0.2586160593186243,-0.2702508370143551,0.4765009064319834
-0.1366959476588068,-0.0707016329290264,-1,-1.3432445052966406,-0.541126925800265,-0.1690079184977579,-0.2969685580896089,-1.096991591970937,-1,-1.0488785398099532,-0.9818500704826232,0.0338082196997756,-0.3004754791641005,0.1850683110241763
-0.9904341962848472,-0.0707016329290264,-1,-1.397672417818645,-0.3483858868255383,-0.3827912721164462,-0.2844152002123895,0.2132134178141045,-1,-1.041971139692349,-0.6287037164554277,0.5911071441370517,-0.265403787883966,-0.4386458811168814
-0.3878577832899994,-0.0707016329290264,-1,-0.3391315593461287,-0.4418822746556161,-0.3967740437114187,-0.282722439583263,-0.3770059930032535,-1,-0.6610203304237021,-0.9758759875813944,-0.4428205299486385,-0.260735376927916,0.6439972232614588
-0.0371087638380181,-0.0707016329290264,-1,-0.4148743835504277,-0.4766009469132576,0.0040503600078596,-0.2832843956775476,0.1905545179799212,-1,-0.5731145903767849,-0.8765496422180499,-0.6187898630607848,-0.2686422351237484,0.8617060115853243
-0.4949386561903731,-0.0707016329290264,-1,-1.5661973410887842,-0.083343274114296,-0.6319411847989184,-0.2920030876585968,-0.0589382536622722,-1,-1.0262118583073767,-0.8328558113080423,1.2891425215636527,-0.5884696448045394,-0.9493745484459116
1.176942817933681,-0.0351007704866884,-1,0.940466836003512,-0.4245661465136314,0.9682831076631556,0.0514876891033762,-0.123908960340972,-1,0.2967912763854701,-0.7696193608167438,-1.1420662160348145,1.255169879013544,0.2999421102770037
-0.2392658169356151,-0.0707016329290264,-1,0.7755116092627454,-0.4451336873172269,0.5849199417234319,-0.1981853291249247,0.3417583495734456,-1,-0.5901676565887288,-0.881410942440894,-0.3832815189332637,-0.254604654892986,0.598708665384442
1.66430376132992,-0.008380286970795,-1,1.7879055833952389,0.1855056942911961,2.967085491522594,0.8934073186427838,-0.1080223371967162,-1,1.1896453579724358,2.4359730449338985,-1.2563095250373724,1.5247848579258405,0.2235440060775581
0.2415134982229643,-0.0707016329290264,-1,-0.0775403716649856,-0.443751097439725,-0.8986479045292212,-0.2329462797303229,-0.156469081674041,-1,-1.0464333615684187,-0.9322729625413146,-0.1682443461702871,-0.3704430343950912,0.4938281116212391
0.2081863020532348,-0.0707016329290264,-1,0.4265360667416312,-0.1231425475441577,-1.9748291861196088,-0.0562002331339391,0.8182093965897387,-1,-1.0124759900910336,-0.624086533179094,0.7872301018796392,-0.1800679817314638,-0.6334594730444791
0.841181176640867,-0.0707016329290264,-1,1.0781566419437274,0.1444620466457201,1.3961773558886552,0.276578183044985,0.542389294182191,-1,2.529738536244144,4.086292918805958,-1.1371573450380317,-0.1580229859956461,1.336273099686644
-0.3189602142852709,-0.0707016329290264,-1,0.1760624864148997,-0.1304712119226204,-0.7375609963751203,-0.1683094646288065,0.5391586062120298,-1,0.2549190313183991,0.1536398887593261,-0.4727262748633064,-0.2367238896332139,0.6814850131048803
0.2822111320071536,-0.0707016329290264,-1,0.6725463827135633,-0.1292975647399733,0.3775305351734669,0.0535470899134186,0.7731221534919631,-1,0.1536222276270407,0.1906770749058963,-1.141162124295127,-0.2333084625611222,1.396058725686362
1.0322455978772371,-0.0707016329290264,-1,0.3841197399888635,-0.3504846314924363,-0.9496362807216294,-0.1128594512218858,0.4278740491727673,-1,-0.8780259656991078,-0.7492901056584099,-0.4652173323901668,-0.2212406202397335,0.6975960446468905
-0.7692717672650142,-0.0707016329290264,-1,0.66197220021473,0.3652781459505425,-2.440356244632405,-0.0744775975744431,1.003282304877556,-1,-0.4771497930910517,0.6686987592219481,1.7537889402781728,-0.6995660067966152,-1.3659585786922452
-2.0056565145173173,-0.0707016329290264,-1,0.2513232850875539,-0.065209476133347,-2.080186564338309,0.0952765719563709,-1.5248343420233803,-1,-0.9326449700214964,-0.5866017679023804,0.4991041644487706,-0.2472328960088795,-0.2712346405812978
1.0521630346413948,-0.0707016329290264,-1,1.0379035812018385,0.0247894163202914,1.0837071387117283,0.0022384983260419,0.9048204151838668,-1,1.7064644374635265,1.2678007387555148,-1.1882838600783454,0.5437262151649962,0.8738951716159639
-0.1426120179847945,-0.0707016329290264,-1,-0.4975537730827232,-0.4251970725823231,-2.214406035353672,-0.2175765839843378,-0.7528323581219496,-1,-0.9690815377739668,-0.7059365193527002,-0.7947895106252998,-0.2333084625611222,1.0244737705422065
-0.9717246238789108,-0.0707016329290264,-1,-0.6082145849107725,-0.36419266375677,-0.6581441574890095,-0.3018081552208018,12.409324359838498,-1,-0.7820334879666906,-0.1687406948782716,-0.6454877112193226,-0.2422697316116591,0.8709092700963367
-0.2892319608971841,-0.0707016329290264,-1,0.8852262319223309,-0.2154314658535125,-0.4509686614885232,-0.1849207922012521,-0.1067588852532683,-1,-0.4382954271352275,-0.301424337791598,-0.2017438370016331,-0.1550909660335998,0.3306101170607162
0.1944560888383394,-0.0707016329290264,-1,1.0765091173393508,3.4273976432367235,-0.758403180835539,0.2346621146953588,-0.7398041146600134,-1,-0.0667149181538566,0.0593640730578405,-1.1616030832212088,4.433298679421224,-2.025229438936597
1.6487247761381552,-0.0707016329290264,-1,0.9037598667592476,-0.2082345888940999,-2.3277324712289618,0.2494204141039268,1.6030659921536243,-1,-0.7132091408365251,-0.3979281455227709,-0.0478300178466391,-0.0787812133238213,-0.02091666692788
-1.1613839784128586,-0.0707016329290264,-1,-0.2521715823112106,0.0654959647801105,-0.0861309690007071,-0.2588587326351791,-0.4321954321489205,-1,-0.050112844787798,0.5724141114340308,-0.9406884071754256,-0.2266826340537708,1.1761090140514778
0.567316421133698,-0.0707016329290264,-1,-0.3159451357753868,1.5573391889695123,0.2131308199320135,-0.2613447813024069,0.7014018228301739,-1,0.5087461346286065,0.447565859184556,2.433777258621733,-0.8714443665898445,-1.9665488916730596
0.1993368468572799,-0.0707016329290264,-1,0.3206545082630376,-0.4414457873585534,-0.9451786686895126,-0.0813068938488702,-0.8237033334383238,-1,-1.0146858920443964,-0.7577610451878751,-0.9453128924188244,-0.218941983607088,1.1330094586026855
0.4720923391783245,-0.0707016329290264,-1,0.7817209379670751,0.2314356210562684,1.1161724655572467,-0.0064058363034418,1.2811035381696552,-1,1.6516855844229967,1.08688666724036,-1.188854143333158,1.5550405197042143,0.1291153427318237
-0.232979992214254,-0.0707016329290264,-1,0.1971455278910043,-0.3484490378902484,-0.675181897624004,-0.2317846236206778,0.439989270152389,-1,-0.7774153324505374,-0.5228205696847751,0.2263599502401229,-0.4640172128229757,0.0728789502587241
-0.5707629575351115,-0.0707016329290264,-1,-0.5695538331614372,-0.2955296399349063,-0.5243710991590405,-0.2266174284080409,-0.1778542572547818,-1,-0.7134326848880216,-0.4797712594565053,0.4535899523865676,-0.562431434962647,-0.0519788518403265
-0.2016741200725699,-0.0707016329290264,-1,-0.7909930723295392,0.006214436846376,-0.8123899458989602,-0.2613653670545976,-0.1932580947098339,-1,-0.9481619093855151,-0.6913654432935801,1.4775056831429976,-0.5329021090416043,-1.1924047836258758
0.9203579178369976,-0.0707016329290264,-1,0.3885530222043767,-0.4187373576702637,-0.5801109861203215,-0.2850473451172534,1.0046865620369103,-1,-0.8005200217052143,-0.3835943318341298,-0.2561805096025698,-0.3704430343950912,0.5477349722100361
0.4783042130206126,-0.0707016329290264,-1,-0.4039483213050306,0.1994925801188627,-1.1402798250184767,-0.2285339338528633,-0.8418337007701437,-1,-0.7398374067943506,-0.2947335772557619,1.678415085907645,-0.5998317727355472,-1.3586076431574092
-0.6165632019754644,-0.0707016329290264,-1,-0.7719290883415125,-0.1290087371278858,-0.4475708209912445,-0.2879465776126795,0.8829280307213928,-1,-0.9107414035983716,0.0062131699321296,0.9135558095903212,-0.089879189069201,-0.8993549329400379
-1.0959621007246474,-0.0707016329290264,-1,-0.6860589671476068,-0.4101101309043799,-0.8171863507029526,-0.2801887391248249,0.6371300879176497,-1,-0.5453401055805057,-0.5155154552649814,0.0506797136061795,-0.2513141954677043,0.1192326261371543
-0.3268976086393048,-0.0707016329290264,-1,-0.7141244910479142,-0.397869766995179,-0.5649404473385446,-0.27932283319633,-0.3625113960349473,-1,-0.9436383856359204,-0.5696223233955816,-0.0293411002588859,-0.4832851963613282,0.3875545864604687
-0.3756805385356756,-0.0707016329290264,-1,-0.1041025336512667,-0.3927899612985568,-0.2338587465996638,0.1499675835763768,0.2057017309047226,-1,-0.5895929579255302,-0.2664686675351454,-0.4483099423117583,-0.3102113793150736,0.6920150990800505
1.2839497399549782,-0.0411692521151414,-1,-0.4203499081546229,-0.4704648410741976,0.510948753880992,-0.22498432912851,-0.7583400215159533,-1,1.3204829043505295,-0.4658469869713159,-0.4628644458550872,-0.5390814943530796,0.8937587395029877
-0.0234278512091734,-0.0707016329290264,-1,-0.1599876009293096,-0.3152560496378438,-0.0290814788978302,-0.1953409293160161,0.2655218321807127,-1,-0.157622373940435,-0.4780411401346778,0.404562841229267,-0.5486559259367916,-0.0418255800212827
1.5238463916737697,-0.0618288083153551,-1,1.4299698982437938,-0.0754474941107284,2.223377066202465,0.471921018103097,0.6542936936118088,-1,1.7502691957438652,3.157221537401498,-1.098559614085873,0.6010659397687856,0.7353775481925906
-1.3892266368424495,-0.0707016329290264,-1,-1.2930737257999942,-0.1439446646440716,-0.5873324173834111,-0.3053567336348625,-0.2893653753513982,-1,-0.6917260648338442,-0.5894093720814478,0.5827394628108626,0.1951124345721152,-0.7786922242574313
-1.2368385253622236,-0.0707016329290264,-1,-1.5577302600586571,-0.3714586855454889,0.288014752099484,-0.3094541933609686,-0.3276039637344256,-1,-0.2312449921122677,-0.4488213732820399,0.4291730699848471,-0.3735333909434619,-0.1852275001971411
-1.040227788195239,-0.0707016329290264,-1,-0.9631740897963366,-0.5391080739699655,-0.6044103713623998,-0.2983126502784026,-0.3333140723340429,-1,-0.5057597577388019,-0.3328493964496305,-0.6436194483899268,-0.3394222484905792,0.9405115116035784
0.7969832012471364,-0.0707016329290264,-1,0.6506983844722002,-0.3296166364614558,0.7683356794378248,-0.2399862939555599,-0.3343667193265458,-1,0.7562413495992817,0.2057247680873724,-0.5304819601892292,-0.2387303742707871,0.7449235988701227
-0.8003311364764495,-0.0707016329290264,-1,-1.6196973193404662,0.0216846998278359,-1.0315439941072837,-0.3038223001048156,-0.4081909157047046,-1,-0.9491948145409008,-0.6951612711508893,0.3680949363483811,0.2844494012277388,-0.6046712985867064
-1.1760509027627015,-0.0707016329290264,-1,-0.975864067027152,-0.4835370695272315,-0.0247247535859888,-0.3050332046055172,0.6199881034707452,-1,-0.9663747397513462,-0.6881824927757011,-0.1844225390991807,-0.676716710386373,0.6762784355694956
-0.8831561210402742,-0.0707016329290264,-1,-1.2967169864532564,4.175402194137371,-0.3888682622888825,-0.3036051398810077,-0.0635168633218221,-1,-0.2559806902377024,0.2326323697267572,3.1028571765957045,-1.047817053955904,-2.55863206384586
-1.182607880707338,-0.0707016329290264,-1,-0.7314903832009373,0.5935488965863382,-0.9353133244324948,-0.2997335986111115,-0.4228053466754726,-1,-0.9178138380859636,-0.3572587781135753,2.023085818029185,-0.8923532495301946,-1.5257165320391404
-1.75003297584861,-0.0707016329290264,-1,0.6569533618589274,0.2550469894493143,-0.3950143150124979,-0.2862395009221266,-1.2437459028532842,-1,-0.4291871616154963,-0.3797517695285386,0.3955405976546709,-0.2873113580671079,-0.2126970871646213
0.5587627694540409,-0.0481831287680883,-1,1.191444123673567,0.5510865205031379,1.38204693168973,-0.2312026731350368,-0.439973610441092,-1,1.3779906177709744,2.978083828579328,0.7904340570460979,-0.6251772186945936,-0.3862847432779844
-1.1327649882108943,-0.0707016329290264,-1,0.0740288385606368,1.4855861988570715,-0.0019977589280524,-0.2676011835391575,-0.6861276775063234,-1,-0.0924005625946001,0.5181690430653094,2.264470268698739,-0.7463714394355621,-1.8822035976931304
-1.5133901628091118,-0.0707016329290264,-1,-0.1161502548721776,-0.0573016458620235,-1.016465410772191,-0.3111367224999871,-0.57714985261348,-1,-1.0103717735329365,-0.7666283204886635,0.8174545803513336,-0.6964756502482445,-0.3637465226751807
-1.384370529116535,-0.0707016329290264,-1,-1.8851737420874668,0.7593233713139869,-0.6980982825883952,-0.3124887295148429,0.1109680952534021,-1,-0.9148507203492086,1.218445141362334,1.765443384987565,-0.8098268121165657,-1.2971933565293936
-1.6388355040130698,-0.0707016329290264,-1,-0.1514123551509657,-0.2718205932517287,-0.6755878749983782,-0.2900081478447863,0.2052541364346378,-1,-0.1860329424783372,-0.0833382587038011,-0.5964458119476824,-0.7014575181322561,1.156743082568812
-1.4729143816621475,-0.0707016329290264,-1,-1.5432184911658966,0.1963582215603776,-0.0178366150626324,-0.3131502732515036,-0.4038070782301619,-1,-0.4684559719678757,-0.5688015471212684,1.2856776341875262,-0.800612533411119,-0.7956807377265545
