max_movs,cases,download_mbps_fixed,rwi_weight,gdp_per_capita,popDANE,pop_density,pop60plus_ratio
-1.4434824873595602,19.7840185399445,-1.5250754758370015,0.2230173844162171,-0.3221262027399607,0.2378037271169337,-0.3020913566024214,-0.8089376335799733
-1.3665970007490686,-0.0660238367693154,-0.8195701361573565,-1.2692689658618026,-0.4422938503820648,-0.0931359828938332,-0.3002416397235833,-0.8019178613122538
-0.6665820048934156,-0.0660238367693154,-0.3195170984862178,-0.9898947859029218,-0.5286533260103993,-0.0099796473336546,-0.2788467860617049,-0.0365428064908916
1.49428042277587,-0.0416546413574207,1.196839993120333,1.1836018520147746,-0.1711730119779984,1.940057479936372,0.2378511484619554,0.0978244086170824
0.6602722944949981,-0.0189227658903332,0.5458837284087432,0.8514309231811228,-0.0362668810707453,0.0924618051223861,0.1577690356564494,-0.7285667682068281
-0.2138016120919447,-0.0484759080825229,0.3498405463183074,0.461857535509882,-0.1116923639296382,0.9843936814152991,-0.1418176390053361,-0.1197325000957857
0.2299593433477996,-0.0660238367693154,-0.2503779325059638,-0.6017946174891705,-0.6343444401047947,0.0028056469071043,-0.2698339086847157,2.034289670942841
0.5513898321539638,-0.0660238367693154,-0.2438868307903327,-0.6918617435420857,-0.6288173972974407,-0.8872840445277387,-0.2559397615255993,1.0798870184558849
-1.2478372111173015,-0.0660238367693154,-0.431116406881563,-1.660436058681255,-0.4443583100505254,-0.5086513785583326,-0.2722526846741033,0.1521365431348224
-1.420458576562146,-0.0660238367693154,-0.148723706555668,-0.8920690679373761,-0.450605953624047,-0.1525581186492426,-0.2281861390628642,0.243066213637451
0.559899172801145,-0.0660238367693154,-0.8843024991380076,-1.1069180012102295,-0.6031677226389838,0.0760459536733709,-0.1765721431978607,-0.3958229742636566
-0.909944510159916,-0.0660238367693154,-0.5686801221394325,-0.4465756286711939,2.1118809895799693,-0.1995919400968135,-0.2124900213474226,2.291752987812772
-0.7241997474226891,-0.0660238367693154,-0.771750368472478,-0.0719738190293011,-0.4774780469884957,-0.3563138608266899,-0.2127977055533023,0.1080837495085165
-0.4525732469275421,-0.0660238367693154,-0.7418555697454432,0.2505301810868047,0.1546866314854329,0.0415342962412741,-0.2955219469028328,0.1610292888304428
-0.2611942341160231,-0.0660238367693154,-0.8475592903440226,0.1705818294247528,2.6394382240912986,0.2402748719110337,-0.2941483145530424,-0.3958011524971432
0.0333170598907493,-0.0660238367693154,0.3927175484766047,0.1117459360862096,-0.4434056382936708,-0.7255454881741044,-0.2929699955626008,-0.4014299796225503
0.4697975440410801,-0.0660238367693154,-0.94165048952473,-0.0767945383627969,-0.5225326664541557,-0.607841504209032,-0.2853124912686088,-0.3187205883995571
-1.2097886334551138,-0.0660238367693154,-0.4917397238220441,-0.9067047106710514,-0.5444650425299938,-0.5021487972548041,-0.2850354268324829,-0.2113382642459874
0.1625338321706866,-0.0489017060012381,-0.2056548371991845,0.8217779102251482,-0.5267004824452562,1.006583666827339,-0.230492783634491,-0.3988415412986204
-0.6523456693147542,-0.0660238367693154,-0.9460572925243328,-0.9088204988216028,-0.1724644159019934,-0.2841663013033206,-0.2916767878751623,-0.2059950288222964
-0.6421437350238558,0.0061041699949545,-0.9587417389961622,-0.5380258475233285,0.5010177985098735,-0.2924979600515313,-0.2989341670558328,-0.4245697918402406
1.1117542592958074,-0.0583862168272581,1.7297058477209464,0.992120120446147,-0.3826153939503902,2.362000380382479,-0.2314843648592028,-0.2754943302273482
-0.3934484004689333,-0.0660238367693154,-0.3417893190517776,-0.8339947706066586,0.6490948353164928,0.464389511834592,-0.2998924830830037,0.0023610229487311
-0.0384906457885914,-0.0660238367693154,0.2566426180158981,-0.6025615294092073,4.1476976746211935,-0.4620807103740288,-0.3072227008187024,-0.4513320115712714
-0.8879407927915941,-0.0660238367693154,-0.2552015952487723,0.0961465003194899,-0.5773502988402042,0.0962928225451212,-0.2631415248201371,-1.5248343420233803
-0.5827406539936761,-0.0660238367693154,-0.8149846789820941,0.3215213327936735,-0.5381592884005872,-0.2425538974663261,-0.3030828787639032,-1.0008326388682742
-1.427669489208668,-0.0660238367693154,-0.9953062936144876,0.1130441270047727,-0.5727874732529616,0.0242039683258118,-0.2922125333267693,-0.4303554007825518
-0.7649147397290891,-0.0660238367693154,-0.8033721575642222,-0.2901550943169703,-0.2868008064615143,-0.1755208852453635,-0.290849151698161,-0.0026068174088014
-1.5806521311435362,-0.0660238367693154,-0.3791280417646279,-0.4001613362097792,-0.4419300478621922,-0.1819048065561071,-0.2885878976238709,-1.3291795868775371
-1.7084081719227306,0.0244853248846663,-0.7182732185583798,0.3690187688139957,-0.3342445642435708,1.121020287201435,-0.2900364933656887,-0.6050724581324807
-2.263926680276397,-0.0660238367693154,-0.8965700858666314,-0.0461230694868419,-0.4957137448760726,-0.6691140300406418,-0.2906447335043028,-0.4055718164335299
-0.5441587934026448,-0.0660238367693154,0.0811446661263132,-0.2814455827513317,0.2229629536127069,0.7252294958277622,-0.2743686749196738,0.6188799743576512
0.8356528194412463,-0.054226900166307,0.601921588173962,0.3279818041036803,-0.3890922635259219,2.335542375737309,-0.1871368118096404,-0.0447290130570274
-0.3953264838270285,-0.0660238367693154,-0.6179291232295876,-0.5313634672166404,-0.5251229717692735,0.4871076702898769,-0.2636622311708376,0.0388511995314809
-2.1816619919488875,-0.0660238367693154,-0.6670590215359695,-1.0641206088692745,-0.4604006062801113,0.1178479178217869,-0.2804120411110334,-1.5248343420233803
-1.0702076233841975,-0.0660238367693154,-0.2404328500609143,-1.1709826075471237,-0.6861775985683736,0.2247275035297863,-0.0930768577149915,0.1319131963515951
-0.5567952801947794,-0.0660238367693154,-0.5581990771674045,-1.1725098533809548,-0.6740314655003281,-0.077110145425246,-0.2807252969903133,-1.0889024702561725
-1.4984338152446208,-0.0660238367693154,-0.68349520569665,-0.9869695355587288,-0.2722648020966635,0.2027665649391726,-0.2868998384869218,0.0093536075161452
0.4468431918865606,-0.0660238367693154,-0.3012943725689416,-0.2563114667928819,-0.4790879100229377,0.9620011309456916,-0.000387773574069,-0.2953684923504189
0.2884813482346757,-0.0660238367693154,-0.6490745011862394,-0.5928400729367908,-0.6974628882676048,0.3013144740515466,-0.2293532698447835,-0.2879266187304846
0.0299550588176138,-0.0660238367693154,0.1059180451511069,-0.4562873218524931,-0.4338778189543779,1.0073481660796786,-0.2008853551085673,-0.2541043377131499
-1.396692706907216,-0.0451268227187593,-0.7937843834704918,-0.6025678499561474,-0.3285623200820293,0.8266051427221806,-0.2946240045149613,0.0395738715696933
-0.7487307621494378,-0.0660238367693154,-0.7797302549852722,-1.3211577004906168,-0.5800560763917938,-0.0381341363103622,-0.2722011940041353,-0.6484305717455456
0.2647154785797426,-0.0477305212167122,0.955716407371799,0.7112906298860715,-0.4800216733077582,0.946814482820556,-0.0003463726009672,-0.0219801919834604
-0.1040148873933102,-0.0660238367693154,-0.4533886274471227,-1.246183458635563,-0.6294020926950676,0.2267487155461157,-0.221903188737237,0.8333009403286425
0.2236063206302861,-0.0660238367693154,-0.5572462548972199,-1.0568802785560656,-0.2486890760375313,0.4203228014254862,-0.2226669059563966,-0.291937619872508
0.051425493257093,-0.0222386173601852,-0.4972184518756042,0.5628567946030721,-0.3650462000287789,0.1584058714157351,-0.0801621734014004,0.5714633437164801
0.0502893687565152,0.0442068555192803,-0.0067531882981957,-0.4508476768245321,0.4047475183952745,-0.6756386350011994,-0.2332205291030047,-0.2168966695023266
-0.2579481641143757,0.0040706890638815,0.3515079852911304,0.798164181692119,-0.257635854944419,-0.2666642057356527,-0.191067414885167,0.1557156574814027
0.04553619482553,-0.0660238367693154,0.6971442638005131,-1.0842830824374794,-0.0780688054903663,-0.924684758780862,-0.2652746814270232,-0.0783649171223663
1.6943774521632464,-0.0377280010924817,0.83167085807217,0.148851157140674,-0.351467868035148,1.178946859555859,0.1317600372519524,-0.3183546096188416
1.8601356981760335,0.0232787558133832,2.410676013943344,1.718512702050543,0.028515661573168,0.7668666914153142,1.1675912653919809,0.8045250297488015
0.2685643901531284,-0.0660238367693154,0.6658202316682019,0.079031626876587,0.1312511072570371,-0.6918233701805675,-0.1936769762185858,0.2842363849103048
2.174424832978568,0.0033871449149434,3.163524710172775,2.119739132242244,0.1874819454958792,1.1960746394534043,2.454013390595577,-0.2631205047878137
-0.0185273152784475,-0.0660238367693154,0.6313995271577911,-0.5676627189199261,-0.5261776407795773,-1.2193756929637647,-0.2082168302576199,-1.2336809465651122
0.4498342135309379,-0.0660238367693154,0.5742897423386152,-0.7771304574001408,-0.2812225406042375,-1.09289608388136,-0.2524996264897052,1.7604250652138014
0.2191081950565728,-0.0660238367693154,-0.3307127601608842,-0.8743956360434443,-0.0549620409939837,-0.507990577328464,-0.2330738380824338,1.7131774081015074
1.420084537023888,-0.0660238367693154,0.6607583633578473,1.0074302127153123,0.4170932491612403,-0.4327470390086368,0.1167283742389119,0.6694817361920639
0.9905135447342084,-0.0660238367693154,2.3574370695967914,0.619330357416436,3.2821115408589887,-0.0659787220612193,0.1677394694057526,3.0974499020054087
0.4549583668906845,0.012295538803322,-0.0398637621871029,-0.0044692210253223,-0.1565163213267321,-0.3668912253186789,-0.1455293913136401,-0.3941273451888756
1.0681873626308165,-0.0660238367693154,1.3653108807673084,0.7971457014730753,0.1210350851954375,1.2378790986241488,0.470588333126172,0.2245998137210074
-0.6076426481491839,-0.0660238367693154,0.2926712101072451,-0.208039942548625,0.4888824056392615,-1.0044058532483238,-0.295545753134883,-0.5722818503676824
1.7896959791402454,-0.006810899464602,1.925510824243836,2.287388316812776,0.5270086632179977,0.8781670419304227,2.6216111761824137,-0.3488427004837481
0.9326175676333666,-0.0660238367693154,1.667593745983302,1.149479662224023,-0.2739704327311698,1.22901594626374,0.0882366847900826,0.2088036295640783
0.858398495667087,-0.0660238367693154,-0.2640152012479777,0.4836973975697064,-0.2534475183348141,-0.6521892882658844,0.293992596675609,-0.2909359342829276
0.7744875861244552,-0.0474085016459241,0.9675075829653302,1.8813655025906024,-0.156515695968975,0.931051030024175,0.2993326486046487,0.5936916440062274
-1.890396767943764,-0.0660238367693154,-0.3294621809312671,-0.2026297686997331,-0.0254703840611905,-0.908709918008266,-0.2489126536438637,-0.281887829862097
0.5700315484491503,-0.0660238367693154,0.1911956383326088,0.3536946923617051,-0.2648761671875947,-0.1492924628964329,-0.2514895744434691,0.1277458523485937
0.6995265553006552,-0.0660238367693154,0.0127796682405839,-0.205288841417265,-0.3941585501055398,-0.7624175824596674,-0.2649969524128078,0.0130257867505471
0.5648378364465104,-0.0660238367693154,0.1784516404688924,0.2874302005648614,0.702457322630094,-0.8112685412004391,-0.2335957744197608,-0.3064041308513051
2.087685205291642,-0.0660238367693154,0.8781804951355449,1.0282211821096523,-0.0938087831108837,-0.1617652640179441,0.1855961241320176,-0.5242974044717217
0.6484936976318713,-0.0660238367693154,-0.0657686176577406,0.0753418759021982,0.7461839663837195,-0.0785505826789827,-0.1186671510579068,0.0642560653439721
0.2097873369089795,-0.0660238367693154,0.1162799873393619,-0.7741731902787635,-0.3115926225856709,-0.8820379439497659,-0.2301899191970073,0.597092128898253
0.881816572107557,-0.0660238367693154,0.0011075954308252,0.0092237451879529,-0.4120085029866245,-0.5181242520738134,-0.2353369972530685,-0.5988045493071732
1.6148951095514348,-0.0333476576365337,1.5714777994784528,0.921221699183408,-0.21447934809994,1.048926101365761,0.2366823550120389,0.3607844110618761
0.1172511556476793,-0.0660238367693154,-0.5005533298212496,-0.9517521397090908,-0.3447943320030304,-1.390698284531399,-0.3079309627474868,-0.6847197661180128
2.075211021999591,-0.0404570167454926,0.9924000647738976,0.6505912337567539,-0.081185937186945,0.6444091815846074,0.0867707148726955,1.762796218674458
0.5682693961625399,-0.0660238367693154,-0.3142765760002037,-0.3646771519208521,-0.4110822071638178,-0.9009249043051268,-0.1400064621216929,-0.9166669268742696
-1.3646493587480797,-0.0660238367693154,0.4828783557928012,0.358057367670567,-0.2215120926755109,-1.0747120242386936,-0.1209397396660339,0.1810640965426498
0.1199639427204865,0.1689436710125081,2.2361904357158293,-0.6493791351476565,-0.2960440633295697,-0.36692729224979,-0.2647251937598819,0.0221358460369677
0.1395331075875722,-0.0660238367693154,0.0049188845115627,1.2269256233976324,-0.0339865544979733,-0.7684728336646859,-0.2192087732047946,0.359582054022736
0.5793292203824436,-0.0660238367693154,0.941066764967714,0.8654409916161859,-0.3864454776408342,-0.7293623158998591,-0.0302237101619725,-0.4530895551646453
0.887149401395979,-0.0660238367693154,0.4559611266600927,-0.2091407819443667,-0.235875078870356,-1.0063802305695644,-0.2254035531978756,0.5960670257330452
0.3891095182858016,-0.0660238367693154,0.4818064307388437,-0.0474360295795344,-0.3716139231561412,-1.4491186814637578,-0.2199528383682536,-0.3119965749987071
2.1974951162045766,0.0680630379561098,3.088132648044436,1.9993346932037064,0.6568287553890557,4.795043509666382,4.133827758054277,-0.0887414834810047
0.249992232500835,-0.0660238367693154,0.4288056919598377,-0.17959402801998,0.1489812101204531,-1.1017203860260767,-0.2275979525019307,-0.181073061951113
0.0428697801813169,-0.0660238367693154,-0.3188024817835795,-0.506495827058229,0.3762656160910875,-1.027713208847341,0.0861885158029925,-0.1246114417458899
1.5197852585031135,-0.0660238367693154,0.3579395356148748,0.7888353084876907,0.3732374833873302,-0.0620068110212971,-0.1080448627312776,0.3054971285835218
0.0579640056889868,-0.0660238367693154,-0.2154212654685745,-0.8113349033623395,-0.1274930895249368,-0.46176017443881,-0.2315883877199422,0.4074176199083528
-0.4971835232359228,-0.0660238367693154,-1.0009041244518209,-0.844575597582127,-0.2232503470349202,-0.927564979718427,-0.2559518458266567,-1.5248343420233803
1.8027498177897363,-0.024537897586941,0.624670219874614,0.894551248785111,-0.5048808476946868,2.653452376651149,0.855536725556279,0.2503232438017029
1.899088538195824,0.0768713701047995,0.5704189018659909,1.0447621298937584,0.7326480458993304,-0.2839359597036882,0.1436819867424643,-0.1454906882264447
0.502884271843605,0.0551938237366383,1.034800655797102,0.2018852114487045,-0.3376975749254783,-0.7614681275743301,-0.1666142348486176,0.0474003855644098
0.4631199143234033,0.2627101705987749,-0.2980785974070692,0.2802008298331026,-0.1182479516856353,-0.6702738850004861,-0.108733937911517,-0.329549203383987
1.3829865941478965,-0.0660238367693154,1.7796694655137395,0.4150203048017932,-0.4484165707058276,-0.444578679243387,0.1180640397036112,0.400791563351244
0.6925243185828109,0.104170974957897,2.854929397416809,0.5926035376601638,1.7762209820994537,-0.4418706864733613,-0.0498037097828216,-0.6542023331640687
-0.0870193923132444,-0.0660238367693154,0.5769695549735084,-0.2662912498722231,-0.2457883216525674,-0.7640955293044682,-0.2549288382244789,-1.5248343420233803
1.059492532269256,-0.0660238367693154,-0.0455806958082091,0.4433612625167212,4.111367152631321,0.1217409952382588,0.3023302491588298,0.5684973963663608
1.5125975320708909,-0.0660238367693154,0.1650525772944249,0.764848171193724,-0.0743396528503455,-1.1501824610595408,-0.1731109644685532,0.3041072479675556
-0.7827913109524576,-0.0660238367693154,-0.6567566307396009,-0.7963002218186082,-0.4302205416821748,0.3326431875473286,-0.3110364306073001,-0.7970461208726631
-0.680563292114805,-0.0660238367693154,-0.6942144562362242,0.0220428428971444,-0.474127653829362,0.6030337419537812,-0.157663511865434,-0.2073622645812902
-0.6558467876736752,-0.0660238367693154,-0.7266104134224932,-0.3741444647800214,-0.037554415547165,-0.3819107420589606,-0.2688734426831386,0.0211898058967834
-0.5797728185635972,-0.0660238367693154,-0.0215814848779402,-0.8554190787512825,-0.3623795710429449,-1.221231003515191,-0.2474410828015153,0.5613994567595086
-0.4023287205448728,0.0110160014260209,-0.7619839402030882,-1.0452060494681856,-0.4470965890488886,-0.3520109141145487,-0.2489495176062698,-0.0011364406634884
-0.9453730456064882,-0.0660238367693154,-0.6096514797573609,-1.008696622716997,-0.4139742841509234,0.4480184253343701,-0.2647145406127882,-1.0517075712641384
1.2426868114337577,0.0589406533670942,0.25729768332665,1.597601254963284,-0.0617402709310658,2.0434821458934875,-0.1020380741165957,-0.0229363882223728
-0.932017786171132,-0.0660238367693154,-0.862625792491313,-1.250815142257659,-0.2611546600296153,-0.36692729224979,-0.2600467232724716,-0.0333654224055757
0.8824889723221827,0.0077507175732137,-0.5203839433194618,-0.6671654636423899,0.1706958507748569,-0.3128879043324732,-0.2885955076834982,-0.2085032776015951
0.295390840095327,-0.0660238367693154,-0.7590063706087621,-0.0865752138240654,-0.2309752456944316,1.0973728632242887,-0.1454763437813798,-0.0531853643110579
0.5365506550035674,-0.0660238367693154,-0.7280396468277698,-0.0578030077446788,-0.0889247451411673,-0.3774114475453233,-0.2586917184447757,0.1705117749262928
-0.3973204982566141,0.1552332577454433,-0.617750469053928,-0.9360333777772204,-0.3461591578056905,-1.305047998080343,-0.2700876462489762,-1.3356678924618974
-1.178209009581926,-0.0660238367693154,-0.6820659722913734,-0.8301993415191514,-0.4768126253979717,-0.686310563741221,-0.274756190965594,0.0879167161982411
-0.0838892533830842,-0.0660238367693154,0.2513425441379975,-0.4425824218448385,-0.1872928302664505,-1.0487178952810747,-0.2911283219610974,-0.8727821299984799
-0.6026807982895209,-0.0660238367693154,-0.4549369636361724,-1.1863252655362715,-0.1729914839238619,-1.1255429502367065,-0.2857725977885668,-0.6478999611092692
-0.6955184003366895,-0.0660238367693154,-0.5225873448192634,-1.143459701026281,-0.3908786780472524,-0.4873159429428559,-0.2089396981064503,-0.0864247217059472
-0.5562156248373427,-0.0660238367693154,-0.4778046981205975,0.2034471671104913,-0.2414827987788935,-1.487196089374541,-0.2837299558104376,1.2535166554825992
-1.404205040339604,-0.0660238367693154,-0.6995740815060114,-1.0401700962209632,-0.2659551794631291,-0.4638456939354052,-0.2895137553658102,-0.1122689750434406
-0.3724185041011047,-0.0660238367693154,-0.5186569529547527,-0.2140739526214002,-0.2105907180520481,-0.1686024129933442,-0.243515341257876,0.0633729454190595
0.2217514234864868,-0.0660238367693154,-0.222091021359865,1.1307640943901478,0.2550469894493143,-0.3950143150124979,-0.2097568633576227,-0.241237115612357
-0.4434842509229241,-0.0660238367693154,-0.9741059981028856,0.9060801861644384,3.1611293152996747,-0.0102955338530699,-0.2359668249546661,-0.2425360926595408
-0.8403626810531362,-0.0660238367693154,-1.1793200945438456,-0.6036946987858982,-0.6759698709162325,0.1364868401580567,-0.2783159593423059,-0.6865680115273946
-0.465812575291411,-0.0660238367693154,-0.6958818952090469,0.2739585472693729,-0.4841707109780425,1.408818093931414,-0.2432160239908957,-0.34682971508141
-0.2971560524914371,-0.0660238367693154,1.714996653924975,-1.2513545869796514,-0.7227862297124313,0.777242094961269,-0.1854524952157644,-0.4104418516602939
-0.3848463149645607,-0.0660238367693154,-0.5865455397053896,-0.1156109844087322,-0.3407019363238608,1.4904594617108051,-0.2723432926404446,-0.2923843069357591
-0.4464984587815996,-0.0660238367693154,-1.0929705763083863,0.2927482452642431,-0.6468222777708892,0.2279443402673783,-0.2816671900660047,-0.6328081777402619
-1.5144786755384874,-0.0660238367693154,-0.6643196575091895,-1.6836053511254547,-0.6898052844796703,1.4036661659089418,-0.28815907297194,-0.3184305325556628
-1.1125920231200177,-0.0660238367693154,1.8100406753758664,-0.7433701080951727,-0.5348805159066806,0.0144671632708751,-0.2959714100274583,-0.4474834993560632
-1.1828462524414256,-0.0660238367693154,-0.7292306746655003,-1.1171450874567457,-0.5780783342537039,0.4667144438220573,-0.2891721934181511,-0.3826577693944913
-0.7074824869141959,-0.0660238367693154,-0.7690110044456979,0.3269880095604575,-0.6279254447365256,-1.023823964532282,-0.2274062815015414,0.6438732006053433
-1.7528329585167293,-0.0660238367693154,-0.8211780237382927,-1.4874389753702033,-0.595479901934691,-0.3418859741175896,-0.2895247360216584,-0.4783064004340734
1.1357288048794176,0.0619340167276541,1.0284882082571305,1.359473671566836,-0.3397009338540422,2.3751878802077915,-0.1248295525622811,-0.2412410525867346
-1.0586840748783437,-0.0660238367693154,-0.4929903030516609,0.3651574083613135,-0.5506370272173033,0.0722388259401231,-0.2720744181136094,-0.8612517562746462
-1.1452845852794842,-0.0660238367693154,-0.3995541691817054,-0.8812298141320725,-0.4985135727587862,-0.172025957237894,-0.2933640164095525,-0.454776013818378
-0.2496706856101689,-0.0660238367693154,0.5954304864583309,0.3661204441873286,-0.6247350670434354,-1.20676824507294,-0.2234112710200553,-0.4890163426085545
-0.5028873319531054,0.0141849132804801,2.3625584892990323,-0.0181136927956441,-0.3738865537473265,1.065461447541816,-0.2247721393519071,-0.1387789309915929
-1.2656442236977778,-0.0370954121779091,-0.8608988021266039,-0.3692798748466022,-0.6462263137667331,0.5328189911951052,-0.2636171686977867,-1.5248343420233803
0.1100402430011581,-0.0660238367693154,0.3475775934266197,-0.1157957300046881,-0.4430790666792468,-0.8774354420735098,-0.1906430990130849,-0.1747212107644701
0.1328786640841904,-0.0660238367693154,-0.6913559894256712,-0.97139152529717,-0.1508627707122153,-0.3126161587066131,-0.2771813732110904,0.6104517531222797
-0.5293891748951424,-0.0660238367693154,-0.3042123907713812,-0.1997341166061255,0.3618326469197725,-0.0109519590169545,-0.2777256359368889,0.3509831539240788
-0.6758796768267115,-0.0660238367693154,-0.7331015151381242,-0.1780502109079771,0.3236762726504472,0.0259567086406849,-0.2803237722575398,-1.5248343420233803
-0.1670582040681954,-0.012123045430967,-0.5076994968476325,-0.8818191749607702,0.2078185445955885,-0.0293544731522866,-0.2869885083231661,0.0910948938877689
0.5044145619872401,-0.0660238367693154,-0.6727759551570758,-0.1465036360265911,-0.3332716449975414,-0.8125671371231616,-0.2229265376229959,-1.5248343420233803
-1.7042346533491814,-0.0660238367693154,-0.7631749680408187,-0.652517354395489,-0.3489338702145343,-0.2819311793059083,-0.2987332362818245,-0.0611438378896388
-1.3362694324479458,-0.0660238367693154,-0.6206089358644811,-0.3962374060168952,-0.0213809178840879,1.1036475614618135,-0.2776715741523863,0.4334046894989812
-1.2288708878219516,-0.0660238367693154,-0.812126212171541,-0.6574370710925486,-0.0048912068909684,-0.1894299419306949,-0.3002796049266142,-0.6762056751511158
-0.3934252142546334,-0.0660238367693154,-0.4300444818276056,-0.9578841940817976,-0.3625454988890156,-1.0384199325768662,-0.2960096577343618,1.0685958066223158
0.6904839317246321,-0.0660238367693154,-0.6861154669396571,-0.2615688704831198,-0.0010378366678233,-1.4003839693324427,-0.2233261399690572,-0.000517516723768
-0.4143623657652723,-0.0660238367693154,0.5866168804591256,1.149693335026492,0.0546021792270258,1.0827437657549084,-0.0877762800318162,0.1476758974985013
-0.5152919566022649,-0.0660238367693154,-0.5715981403418722,-0.1342328839692021,-0.2015297923804117,0.1025561745798573,-0.2679590481703712,0.3498205959596313
-0.4455246377811046,-0.0660238367693154,-0.6081031435683113,-1.1779888044649949,-0.4097259997652783,-0.4419490648856238,-0.2911663646526209,-1.5221627416038757
0.3601267504139328,-0.0660238367693154,-0.4275433233683717,0.0722281846235697,1.4182668856786214,-0.5873094006208142,-0.3077101861622093,0.6431581421492082
-1.928468531820249,-0.0660238367693154,-0.6963583063441392,-0.4640900359827735,-0.0727718726123864,-0.3610314792188979,-0.2865554494817242,0.2125973623981102
-1.5026768924610625,-0.0660238367693154,-0.4708371852698741,-1.861841620306907,-0.4279914110310119,-0.2056358480838419,-0.2767421951793818,0.6178869560359378
0.5012612368427816,-0.0660238367693154,0.2851677347295428,-0.0528499211164363,-0.0634728895818536,0.1126874726514272,-0.0823703333186494,0.5087083588992729
1.6947020591634123,-0.0405252864649204,2.9458048214356443,2.1640026894918005,-0.3464792584279579,2.4046632683219262,2.472384757666504,0.0709182211925949
-0.3236347092191766,-0.0660238367693154,-0.8691168942069442,-0.2080192014716422,-0.4443583100505254,-0.5086513785583326,-0.2262148413575884,0.2232621149969208
-1.7653535142373766,-0.0660238367693154,-0.6817086639400542,-1.3399079930192992,-0.2217888243369557,-0.2124801326643295,-0.3002293018949341,0.4931873891109691
1.4164906738077758,-0.0660238367693154,0.966554760695146,1.7888881949903526,-0.2055433566415086,0.1084674680975143,0.1064798710389311,-0.149285346836248
-1.002782112207083,-0.0660238367693154,-0.109717544869995,0.8655660589262377,0.229346332971447,0.2513848920368502,-0.1822529424301112,-0.4974305925898813
-0.9918845914872614,-0.0660238367693154,0.1336689937702269,0.3965212284190848,-0.2013374214498455,0.8185921488955312,-0.2583944335305222,0.0888849631284254
-0.9614874645432462,-0.0660238367693154,0.3413246972785349,0.0388877293200782,-0.0823782754767063,0.4022330920909919,-0.2256107080577278,-0.1215125879600101
-0.5620585508403115,-0.0660238367693154,-0.6720613384544375,0.9467510696486546,-0.3178099693500649,-1.210522862063812,-0.0993477191976737,1.72903611996745
0.2313968886342442,-0.0660238367693154,-0.496861143524285,0.2609870006286692,-0.3850576836753762,-0.8275166095205562,-0.2652629582722095,0.2907654507067058
1.614709619837057,-0.0169822017701191,1.6689038766048057,1.8953287244225492,-0.0739154922674191,0.6821448079612568,1.0148713718013211,0.9563218084683166
-0.4320070748456656,-0.0660238367693154,-0.7480489145016417,-1.3068847944223438,-0.2262069118520718,-0.4339504453054466,-0.3056336368851584,0.6949123039804469
-0.58733152442458,0.0354486130531473,-0.3886562644664716,-0.6418177552145524,0.2077946703897104,-0.6008520258452676,-0.2276357503054268,0.6366538628028786
-2.065568616961333,-0.0660238367693154,-0.786400010876563,-0.0662615169209542,-0.1818593031030528,0.3089248557257256,-0.2846067628483889,-0.0342316875117186
0.6247046417626414,-0.0660238367693154,0.5587468290562324,0.1701200687174715,-0.3836367625538079,0.4390037434776158,-0.2308458096573282,-0.7347190315616193
0.5746456050943499,-0.0115981396861689,-0.6432980161732466,0.3854775425593291,-0.4480679318937656,-0.0381090728328001,0.1420163671771291,-1.0243432321075343
1.9484288022208909,0.0336737025532753,3.519344276694753,2.8853277884485067,0.9877355401260872,1.65983018926223,4.4478649546958335,0.2209562992467089
-0.1265518876904741,-0.0660238367693154,-0.6028626210822972,-0.1942281130548804,-0.1572814113502195,-0.3848859772930668,-0.2153596192695384,0.683598564948943
0.0868076562750685,-0.0660238367693154,-0.6801603277510047,-1.0615731125605297,-0.3876413909358774,-0.5409666782195061,-0.2964601969863933,-1.4669524983252078
0.4531498421754792,-0.0660238367693154,-0.6786119915619551,0.7794169631551703,-0.0623556101318988,-0.1807887613261045,-0.0505141036666851,0.0632203138793959
1.2207758389226246,-0.0660238367693154,1.548252756642709,1.0888817470545722,1.118031346792434,0.3129610599465666,0.3927043341759356,-1.1059677167495152
0.7055781572323011,-0.0660238367693154,0.1921484606027931,0.7586893945854297,0.2667978327776045,0.3723424536901998,0.2461740229241645,-0.7964735769293484
1.747218834547234,-0.0660238367693154,-0.8116498010364489,0.0206072659904422,1.287539930297525,-1.3380441347394294,-0.2170023092001316,0.2476143465411294
1.8619210366769408,-0.0591115503926906,3.329018028225424,2.619824777437794,0.4874407564905549,1.825986934748261,10.437250141134689,-0.6639580314302169
-0.5973247827868007,-0.0660238367693154,-0.6410946146734453,-1.1627282888626578,0.5635043217882639,-0.3141798135819889,-0.2982973270522433,0.3504905380346573
-0.4300362466303774,-0.0660238367693154,-0.6465733427270054,-0.3115827725977672,-0.1894827652681119,-0.8506307945791145,-0.2331970114779121,-0.3521065004764837
0.8753012458899598,-0.0366338298779983,0.6169880903212526,0.4668102758064942,-0.2449779585475126,0.5185189063886682,-0.0065250720138254,0.0396646808610496
1.6867955600879665,0.0138311919962017,2.2890720717110624,1.8373994579227688,0.3739483214500874,0.6079995143507677,0.1343088986698611,-1.257614559796118
-0.1553491658479617,-0.0660238367693154,0.3460292572375699,-0.5097377236008009,-0.329970450119917,-0.4855868057647362,-0.207735010470796,0.2117015595499868
0.8554306602370064,-0.0660238367693154,-0.4825092580796329,-0.84838110153404,-0.2843977520065582,-1.373609461452548,-0.290718382149847,-0.3649265850943999
0.8382496754425645,-0.0660238367693154,1.766091748163612,0.6547316847785024,-0.05435972866437,0.5138103060654995,0.1584548936220721,0.724029115622532
1.6664612501490623,-0.0375886949060342,2.3695855535416417,2.92087936001578,0.2676806197327353,3.785528847299808,4.941641797892453,0.2513002095306831
-0.5113271139573927,-0.0211478181943411,-0.7018370343976993,-0.1181390102580481,-0.1106075370538416,0.1361769110405452,-0.2380290387959203,0.0549431386308495
-1.2338791101102111,-0.0660238367693154,-0.8076003063881653,-1.546450815108417,-0.3300605885387809,0.1267039536379745,-0.2764914350162422,0.5017711037334469
0.4863988734780877,-0.0660238367693154,-0.620132524729389,0.0025091610864986,0.3210610702424445,-0.507906254506602,-0.1892293894317947,-0.3286637214974263
0.4372209129531023,-0.0660238367693154,-0.6172740579188359,-0.0697648501712594,-0.3838731989574929,-0.6381531384660953,-0.2499314279431352,-0.3665905687409424
-0.5908326427835018,-0.0660238367693154,-0.7494781479069182,-0.9465359573135702,0.391644779065391,-0.2326145049650564,-0.3062502689938329,0.433049877549116
1.6342787847041411,-0.0660238367693154,0.5093191737904179,1.4514678957495597,0.163215828386599,-0.3985278690894453,-0.1225436990541014,-0.7149128404242242
1.0402943468309291,0.004752249676226,1.9005587910433823,1.1662395130842735,0.516999474639078,0.7170263803831068,0.3192329914009312,-0.4298041989402884
1.926633760781248,-0.0660238367693154,3.7811917468197977,2.2787105792190148,1.006325098224881,0.742039277818703,2.232114994765453,0.8962048520703392
0.3493683469798949,-0.0660238367693154,-0.6159639272973323,-0.0231401045699313,-0.2248315808461278,-0.7882649837007855,-0.2492307125564574,0.3151249965418236
-0.3739024218161433,-0.0660238367693154,-0.3186833789998063,-0.3769766828872312,0.7389999449616669,-0.4658957947101736,-0.200879386038863,-0.8188625050400253
-1.3277600918007646,-0.0038887951181846,-0.8407108802770724,-1.5761862103271371,-0.4879541385714234,-0.1577792345293574,-0.2678129700069374,-0.4818045469068946
-0.0246252896386883,-0.0660238367693154,-0.2554398008163184,-0.374069987132223,-0.2634303209331466,-0.4735340562431593,-0.2165919610313069,-0.0782387419833519
-1.4996163121737942,-0.0660238367693154,-0.7002886982086497,-1.599304051017311,-0.4771632517471771,-0.6290921821430566,-0.302852943083192,-0.3660112437810544
-0.2646953524749457,-0.0660238367693154,-0.8558369338162493,0.2918378237741892,-0.2722710247349147,-0.2323762209094174,-0.0914647000578574,-0.0456634579379448
1.0823077671379882,-0.0660238367693154,-0.7279205440439966,-0.3592120499841856,0.6423226023279162,-0.5338014278733031,-0.3039058257934806,-0.6909435152843337
-2.4417185715095844,-0.0660238367693154,-1.219934143810455,-1.859646591306792,-0.4885661127004113,-0.2813732618432889,-0.3106777883693463,-0.1521905350165901
-1.0412480417266272,-0.0660238367693154,-0.8747742764361639,-1.3157309071696597,0.4582247199519504,-1.0894385099626946,-0.3058915983222285,-1.177621149280308
-1.921535853745299,-0.0660238367693154,-0.7280396468277698,-0.3154692528968043,10.753946354329326,0.1145096840291646,-0.3143581849539097,-0.2005095150839803
1.1139337634397726,-0.0660238367693154,0.4629881909027026,1.024703260510458,2.339171774560124,0.7897879186284622,-0.2520790254757373,-0.0586414864304705
-0.8046559110349949,-0.0660238367693154,-0.8709034359635398,-0.6629566634392293,0.7535521706201165,-0.1948692319140049,-0.3105822805665784,-0.2590761319970123
1.3929566662958204,-0.0660238367693154,1.6812905661172024,0.8380612524219837,0.0729047670952669,-0.7231346951676796,-0.1451126742169229,-0.6021041053958356
-2.4254418490727434,-0.0660238367693154,-0.8685809316799654,-1.1319518852479602,0.8448285314488437,-0.9876880566738035,-0.301379216844636,-0.6393073528388385
-0.0438234750770142,-0.0660238367693154,-0.6949290729388626,-0.5520765829843259,-0.3859354613174754,-1.5160733398694948,-0.3106730844322053,0.2182203203208095
-0.3877214055374491,-0.0660238367693154,-0.9588608417799354,-0.0619631598329879,0.5010177985098735,-0.2924979600515313,-0.3111805877560892,0.0967553724981512
1.4693552424060632,0.0067890074977495,2.1401935919947537,1.295088500579738,-0.1435270947638861,2.4051613326902004,-0.0533722160443803,-0.1162778526718743
-1.056272708591403,-0.0660238367693154,-0.8445221693578099,-0.9685117058990108,-0.3956768475434736,-0.7080928772263408,-0.3108718724971573,-0.2254670436025654
0.2281276324182977,-0.0660238367693154,-0.6913559894256712,-0.587006446109036,9.280347400951444,-0.8189097919880863,-0.2965403628732195,-0.2105229870590044
0.8771329568194617,-0.0660238367693154,-0.2230438436300495,-1.178657322611302,-0.1410528170370688,-0.4433610404265742,-0.2910799043774211,1.4182915318814195
-0.7706881070891657,-0.0660238367693154,-0.849762691843824,-1.5627699496437029,-0.0954530178705935,-1.4419765934770112,-0.3047162287216282,-0.4064579804625799
0.8133940537156499,0.1200089879051997,-0.6301371585663249,1.015100080057195,-0.344671013769959,1.0177345893809988,-0.2551406910884581,0.0224810943853303
-0.0364270727161126,-0.0660238367693154,-0.7330419637462378,-0.8521111227632099,-0.6709857738957472,-0.6310227281360351,-0.2395678767950798,-0.1075185732754866
-0.6724481171106812,-0.0043420646104672,-0.9440325452001908,-0.5000119144374139,-0.5138912561444425,-0.1511652216315238,-0.1945718956144547,0.1018958660155409
-0.5020990006669916,-0.0660238367693154,-0.8259421350892145,0.045177249948684,-0.5253456083590476,-1.513502985624466,-0.1495544883400419,0.8617446065149814
-0.8216977785436531,-0.0660238367693154,-0.9479629370647016,-0.4516985145970509,-0.550577299645175,-0.2540351083853781,-0.2385095058968447,-0.0972200969393867
0.9991388164528786,-0.0360555303748663,0.9810853003154576,1.472193653294083,-0.1667325125336712,2.119503147758015,-0.0456599167928355,0.0871530366322477
-0.5392433159715767,-0.0660238367693154,-0.6525284819156578,-0.8391050887282749,-0.4133095820607359,-0.503217665075988,-0.1329042288393416,0.1508094132870088
-0.73280183292706,-0.0660238367693154,-0.8073621008206191,-0.4706169524977689,-0.5751571770357835,-0.5618919170747956,-0.1483326146236591,0.0400717523767326
-2.4962293613229942,-0.0660238367693154,-0.4179555492746413,-1.4353199495884634,-0.6653709777065142,0.3630824893510802,-0.2990793898827885,-0.0276536619524729
-0.8272856561893493,-0.0506853240458909,-0.8715585012742917,-0.5761215675165033,-0.5846737631241604,1.732111490245836,-0.2568296628279061,0.1073717746421108
0.4042501162220655,-0.0660238367693154,-0.6611038823473171,-1.157482955765534,-0.4599959330171108,-0.4088962079556719,-0.2694603589156258,0.0771456905855236
-0.631014352161059,-0.0660238367693154,-0.5463483501819861,-1.51661355769364,-0.3883461745302868,-1.0360716974623974,-0.2933875964547804,-1.5248343420233803
-1.4192760796329758,-0.0660238367693154,-0.6399035868357148,-1.1063686229263596,-0.5810552978316382,-0.1177070730999493,-0.2943960190129596,-0.139870592027467
0.2339241859926701,-0.0660238367693154,-0.6363305033225233,0.834880814081385,-0.5470076663238539,1.0824248296058947,-0.1152322137541962,-0.1325438567912441
0.1497350418784699,-0.0660238367693154,-0.5348549315478872,0.6751943392707316,-0.6026476069348072,0.2971566102358437,-0.1786895257990889,0.1283207586725544
1.1556689491752623,-0.0162750489346215,0.6950004136925986,2.155876698306411,-0.3205787523830033,2.7029173460889546,0.1382687627052801,-0.0306732928316318
-1.376543886682693,-0.0660238367693154,-0.6951672785064088,-0.5841209702990506,-0.4785661529555228,0.3681320632612604,-0.3059908009827494,-0.3448282961991775
-0.5739530787749256,-0.0660238367693154,-0.6574116960503528,-1.3630382525475302,-0.4317680219790314,-1.1547433253005637,-0.3050928512916514,0.2580717420025896
1.4027876211579564,-0.0477397285748496,1.7135674205196985,1.946214414396357,-0.6119097777272218,0.9472692699481028,0.3669778616270175,-0.0183022628100145
0.5287600869996084,-0.0660238367693154,-0.6472879594296437,0.4147154377592013,-0.3998661864306576,-0.6565523502225832,-0.2423153374645356,-1.2130571057795874
-0.136382842552611,-0.0660238367693154,-0.7056483234784369,-1.6703483662600045,-0.608393500008338,-0.0886454606415209,-0.241957341711399,-0.4840469689156879
-0.0789969621663127,-0.0660238367693154,-0.7054101179108907,-1.4627932958108962,0.1080318892611469,-0.410257415949964,-0.3007041204775781,-0.5833918029417717
-1.0369585920815907,-0.0660238367693154,-0.9779172871836228,-0.668030712650464,-0.2382389890356931,0.0154361318252772,-0.2697341061904385,-0.4014365259172394
-0.465603899362734,-0.0660238367693154,-0.8603032882077387,-0.1100223049937213,-0.120095541730453,0.5095145713816434,-0.2895148640362638,-0.4521204001392614
-1.158477541214758,-0.0660238367693154,-0.5085332163340438,-1.3120609788354354,-0.6230736156981364,-0.7698803164054832,-0.301124288098951,-0.5021836870449036
0.1539085604520174,-0.0660238367693154,-0.6634859380227782,0.409206550214067,-0.3716139231561412,-1.4491186814637578,-0.2841182256774983,-0.4948706164128827
0.2647618510083391,-0.0660238367693154,-0.501267946523888,-1.0034534597820803,-0.2923275886693695,0.3872079488493327,-0.2691022166224023,-0.366406472175884
-0.0689805175897954,-0.0660238367693154,-0.7235137410443939,-0.2009920084157504,0.5764463956800381,-1.796474243907702,-0.2679767751113099,0.6302220730512965
1.648468747854206,-0.0660238367693154,1.5277670778337444,1.4633558908297486,-0.2125484678804146,-1.2523107958909223,-0.1644391692481755,0.5535831813521447
1.5295466547223584,0.0624923991963324,1.8986531465030136,1.5718466378876217,-0.2001943100488209,1.265756402691787,1.6128534009217743,0.3365155296913663
1.1497796507436993,0.0667507869018895,0.8663297681501267,1.2736628965597243,-0.4466209046752613,0.6101543140907821,0.0460520917046463,0.4478280192031662
0.9963100983085834,0.0024915975490056,0.151653514119957,0.3617716999424753,-0.3213846082501996,-0.2460807692964694,0.050570043021936,0.3125106101216117
0.999973520167588,0.0953769695469467,0.4683478161724895,-0.0475884732497363,0.0579548724894928,-1.020100031523654,-0.0901065514445367,1.4215440533272554
0.5977622607489531,-0.0660238367693154,0.2345490516259976,0.4052710001652575,-0.0409113028059063,-0.0862631363172099,0.0817578277731552,0.6037913693487524
1.4042251664444023,-0.0286513465814036,1.6842681357115286,0.9816640567316436,0.0550493215987625,2.286325406748912,0.2203094386202018,0.1923276998025719
-0.3800699548192773,-0.0660238367693154,-0.2624668650589281,-0.8947697961871097,-0.382394820518388,-0.2912366681498993,-0.1916603926188386,-0.7923749741052696
1.3789058204315383,-0.0660238367693154,1.561234960073971,0.2950201814081842,-0.3663330060070286,0.6666098688764086,-0.0990589775141422,0.1686289976050222
-0.2511314171109118,-0.0660238367693154,-0.6365687088900694,-0.1176419957205048,-0.2077717035936184,-0.3809578020534117,-0.229151188566495,-1.5248343420233803
1.3058692453944318,-0.0215962307891855,1.8094451614570013,1.9350116381573077,-0.2709299630545621,1.5991351840289871,2.428258218320524,0.6330342088117183
0.7145048497368363,-0.0660238367693154,0.635449021806075,1.9192190854315443,-0.3864403959517687,-0.2689265419793235,0.558787682300147,0.6721493981582596
-0.9611164851144872,-0.0660238367693154,-0.6739669829948063,-0.1634035726913202,0.1410608336754708,-0.0974883290327668,-0.2935160866784598,0.2658350323988706
-0.3311934150801594,-0.0660238367693154,-0.794022589038038,-1.5709173167489792,-0.3972138777765923,-2.1592472285978674,-0.1751126236802764,-0.0169736014685102
1.6570708333585784,-0.0529778127612826,2.235475819013191,2.270972193717181,-0.1306163011826852,1.878348943956951,2.34430664473882,0.2201796905382737
1.3094399223962458,-0.0660238367693154,0.8317899608559431,0.0722093272433694,0.3150849311320347,1.346131387962201,-0.1729905264105417,0.1431662989067973
0.2527977644308319,-0.0660238367693154,-0.3782347708863299,-0.2303673360517752,1.6979125824307788,0.1243619870088898,-0.2442515787113535,-0.9429537293230924
-0.3140356165000149,-0.0660238367693154,-0.7227991243417556,-1.9141169413703552,-0.273793067713547,-1.1098926001640566,-0.2751771347015684,0.3178167599869314
1.4084914298751416,-0.0660238367693154,1.7921752578099095,0.769560133295839,-0.0878410709635245,1.40250203149217,0.008812570812114,0.063934354288729
0.1122893057880139,-0.0660238367693154,-0.437488405813421,-1.1197895567209433,-0.3184215679969897,-0.8458378216035392,-0.2769681722947842,0.4341280778672825
-1.550370935271009,-0.0660238367693154,-0.960528280752758,-0.5786850514012541,0.3100085713073099,-0.1022652739871824,-0.2903954818305423,0.2476064586228094
0.1521232219511104,-0.0660238367693154,1.6568149440518412,0.0140724728188769,0.516999474639078,0.7170263803831068,-0.3017319057577258,0.3891891080203883
-1.461104010225656,-0.0660238367693154,0.3324515398874428,-0.5550468972563306,0.2170589494649822,-0.0938288180351337,-0.3013094959028345,-0.0163828019412057
0.5033943685581502,-0.0376615891867176,1.488939570323731,1.195564451999546,2.7852169802484616,1.5431061935318988,-0.1771552759837294,0.1479731904706206
0.7922945987049298,-0.0660238367693154,-0.657769004401672,0.9261420952944908,-0.1685063695462052,0.3921403784797124,-0.0472991117903022,0.2556980107569717
-0.6713815512529965,-0.0660238367693154,-0.7887820665520239,-1.375853335857422,-0.1055841140528963,-0.106526750304729,-0.289379814511609,-0.014794749417373
0.3461222769782467,-0.0660238367693154,-0.5003151242537034,0.5647722517855427,-0.0740827326982429,-0.1187477994707648,-0.0827641117656049,0.2446081390597758
-0.0373545212880119,-0.0660238367693154,-0.8794788363951993,-0.6638633065480334,-0.3184287269852464,-0.3742788583764734,-0.2754139275505731,0.7974064758154006
1.4857478959143924,-0.039676622116478,3.5702011653658445,2.4331739561575647,0.346090870852993,2.495712341426983,2.961915282597961,0.2997654823833257
0.1154658171467723,-0.0660238367693154,0.6078171759707277,1.2074977136746896,-0.5850988480362144,-0.8007132072038189,-0.123861685078096,1.276761259808249
-0.0781622584516049,-0.0660238367693154,-0.4672045503647962,-0.5223630485965223,-0.6331929211847904,0.2158973599025721,-0.1775967759082171,0.4985252165032949
-0.0234427927095172,-0.0660238367693154,-0.6987403620196001,-0.7841802531835106,-0.5726854873788993,-0.8993629147690657,-0.2448124009929831,-1.4568617936984214
-1.443436114930965,-0.0660238367693154,-0.6541959208884804,0.0331610220200303,-0.594156489551473,0.4109650314400733,-0.2665436708718553,0.2953753543704149
-1.14468174370775,-0.0660238367693154,2.846711305336469,-0.8510822341560487,-0.6370152179286708,0.2651770445620156,-0.2791325001601876,0.0447940711106018
0.6043239593951444,-0.0591800619338353,0.847332874138326,1.3379505598403163,-0.2944390546184451,1.834985213861605,0.5021673742722671,-0.07926337452475
-0.2168390061649176,-0.0660238367693154,0.0470217185753352,0.1966220343040004,-0.5183573257359994,-0.1027766678901236,-0.2023837607984163,-0.0563254606524834
0.3412299857614744,-0.0660238367693154,-0.1480090898530297,0.0151245664728704,-0.5962951229346313,0.5520229697204705,-0.2152437212392143,-1.0389509888359367
-0.651997876100291,-0.0660238367693154,-0.7580535483385775,-0.4105990591354271,-0.3891050118408654,0.2677174620356326,-0.2972222282364801,0.3581667809352062
-0.467226934363559,-0.0660238367693154,-0.7547186703929324,0.0762444188195701,1.1107838474301606,-1.366165426779372,-0.2687663065661868,1.1306905939171463
-0.1463992871291283,-0.0383045613808282,0.525398049599779,1.1358909921664664,0.387730581787499,0.5713890067776058,-0.0611045628727571,-0.0692974623260626
-0.2877888219152506,-0.0660238367693154,0.0598252678309375,-0.7492167149801156,-0.1980889086270448,-0.1706607870185029,-0.2100204475703035,0.5283494003455246
-0.4062240045468518,-0.0660238367693154,-0.5836870728948366,-0.4917349164177274,-0.2199354601338923,-0.1225649140011311,-0.2423976146410872,0.4604442046479077
1.7279510904660176,-0.0477276889428633,0.3696116084246332,1.6461356403021676,-0.098165759351309,2.4005609976658544,0.1203518056554582,0.4328740226002698
-0.8726147051409506,-0.0660238367693154,0.3000555827011738,-0.3935720423601413,-0.2364292951789109,-0.6358186470883954,-0.2503637018188049,0.4880948846466986
-0.4421626367079667,-0.0660238367693154,-0.2236393575489146,-0.4014396196582931,-0.2837121923673969,-0.0284117516535488,-0.2478119797930545,0.3424128630187895
0.6331676099812269,-0.0132781348530493,0.1824415837252895,1.160759534762326,0.2401073518082714,-0.0097853105184373,-0.067539968282294,0.6778118199500397
-1.3562095767437905,-0.0660238367693154,-0.6914750922094443,-1.7512407967803805,-0.2381774024287765,-0.3406589529277422,-0.3046225560751509,0.4745546611671777
-0.6491923441702941,-0.0660238367693154,-0.9265839873774396,-0.0662312645537677,0.023879850238425,-0.4234458035682237,-0.2506794625084448,0.0806262298466916
-0.6019156532177038,-0.0660238367693154,-0.6591982378069483,-0.5116804555279063,-0.3416406958292967,-0.5024839922085383,-0.2973150176367858,0.2643647075257164
0.3643234552017802,-0.0660238367693154,-0.4174195867476626,0.3042051139642172,-0.2532853160072898,0.0116488906006708,-0.2065006389780804,0.1390408941873142
-0.0114091474891168,-0.0660238367693154,0.7693205507669799,-0.622204819680914,-0.5425873611843189,-1.0067463300233914,-0.2872725941632324,0.8749178713098051
0.3738298030637505,-0.0660238367693154,0.0120650515379456,-1.049353502579481,-0.3887484745161194,-0.6433789250355024,-0.2918302043307221,0.941777191028659
-0.1384232294107915,-0.0660238367693154,-0.7501927646095565,-0.4504757347943921,0.2298025252867295,0.8071706002862217,-0.2948537373187982,-0.4826704198743108
-1.3055940709323606,-0.0660238367693154,-0.9919714156688424,-1.2878928824941134,0.255206592539378,0.317114636229644,-0.2878089883469032,-0.6152763819305047
-0.4273234595575711,-0.0660238367693154,-0.9459381897405597,-1.3935133056663902,-0.1342059069267033,-0.5856996828286639,-0.2953446195619382,-0.4396101330320306
-2.038208884090289,-0.0660238367693154,-0.9686272700493253,-1.580785881249072,-0.1487175379188333,-1.880678841449165,-0.3083446498582766,-0.3796759155129486
-0.4993862135941837,-0.0660238367693154,-0.5397381456825819,-0.8289056092157514,-0.4777309461254498,0.4176936183864088,-0.2613498917626995,-0.3590301561429292
-0.8079483534652389,-0.0660238367693154,-0.6376406339440269,-1.5829999691379104,0.2523649663332756,0.1966798721910225,-0.3036070923169452,-0.5062116253895593
1.327177376333828,-0.0303023118816635,0.3063084788492589,1.989827854455416,0.3015815805072434,0.3422763923727605,0.6939242734126523,-1.1579752954258615
0.923134405985692,0.0057815382038847,0.6630808676414218,1.3738892291022244,-0.0392633348651222,1.1654381965458147,-0.0305031877234261,-0.539388488384955
0.1634612807425842,-0.0660238367693154,-0.3071304089738208,-0.1288043358076791,-0.0434195224864965,0.2348442244413774,-0.2865895320718687,-0.3212504122205851
0.1724343456757159,0.0030063523735666,0.1414106747154747,0.5739317358807942,0.0904359753363581,0.3733125243550675,-0.2192981105758507,0.4480516997700466
0.3186697992500115,0.035976236024354,-0.5536731713840286,0.8103029628559268,-0.3081023357367197,0.3868948616837014,-0.130603407101709,-0.1962593060600217
0.2839832226609608,-0.0660238367693154,-0.3373825160521748,0.8245899577571641,-0.0252017268428458,-0.4475313862912513,-0.2397623776956559,0.1603065276435055
0.0268017336731537,-0.0073001307382467,-0.569632944409617,1.0419094952065775,-0.0079993685325937,-0.1067700988600425,-0.1612625967721397,0.326161630394069
0.5129007164201238,-0.0354482982555237,0.4820446363063901,0.8479395086503122,0.3449761697354696,1.108950167679685,-0.2104392064201501,0.1095644746539444
1.582967692463786,-0.0421242589214015,0.6596268869120036,0.6290860632522013,-0.0946670969060453,1.3314810499660978,-0.0874421176335817,-0.1457864308116903
0.1747065946768708,0.053429664629287,-0.1515821733662213,-0.2519348300034351,-0.186314460879372,-0.74822447720173,-0.2603971956219192,-0.2765057226402805
0.2157925664120298,-0.0660238367693154,-0.1818342804445752,1.6309621531604892,-0.1844943330731876,-0.0843617900798417,-0.0962623612314081,-0.9334243175538384
0.2010229479045257,-0.0660238367693154,-0.8776327432467171,-0.2436809144328237,-0.0962064561801444,-1.9010103609614093,-0.2604217239729418,1.8263225938211105
1.4785137970535744,-0.0270152184116983,1.771927784568491,2.02096377793716,0.0436015704656097,2.0205939082070805,0.2793818135772597,-0.1515425947276669
0.2346429586358941,-0.0660238367693154,1.662234120713515,0.8506190987559761,-0.1124107708659752,0.2191457382789321,-0.1787583311476378,0.3388580369609834
-0.5084056509559094,-0.0660238367693154,-0.2915279442995516,-0.4633452168452735,0.0729047670952669,-0.7231346951676796,-0.2281272502276247,-1.5248343420233803
-0.5242882077496923,-0.0660238367693154,-0.4349276959623006,0.5343197678553419,-0.2017516780486608,-0.4631633596160175,-0.1934942442576326,-0.6828514272041474
-0.2567424809709047,-0.0660238367693154,-0.6859368127639975,-1.0833663428637832,-0.2484380148417378,-0.0201432099121655,-0.3027752369297773,8.329459660192779
0.0913521542773767,-0.0660238367693154,-0.582138736705787,0.637512460890052,-0.1293152524206517,-0.6652920219100253,-0.2367253308312618,-0.3882230751819103
1.7478680485475655,0.0740019157297381,1.5425358230216026,2.2277183694655207,0.0445870445287173,3.692894144200198,2.603893403077923,0.4940182954120404
-0.3142442924286902,-0.0660238367693154,-0.6575307988341258,-0.790089267516563,-0.1338283780929341,0.0893112491624002,-0.2808392329016016,0.93725726868827
0.6973238649423943,-0.0206102900199277,0.9201046750236574,1.9454426657258796,-0.0813159098313095,1.5793071718340173,-0.0496052567164245,0.3514054551093936
-0.1682407009973682,-0.0660238367693154,-0.4013407109383012,-0.8563729027792111,0.3634407761391857,-0.7651598432842233,-0.2748824707912202,-0.5673354894707054
1.6322383978459614,0.0240525437635139,0.7485966663904697,2.3395860273431874,3.019134755038593,0.9606498832133528,0.2995319424544231,0.1573212981537657
-0.1355481388379023,-0.0660238367693154,-0.8259421350892145,0.1131145135193811,0.2965981892829908,0.1041634265783648,-0.1492591577404945,-0.6915340985997998
-0.0634621985869915,0.0035401115973401,-0.4691697462970516,1.50284521177398,-0.2594034700440629,1.906339306348033,-0.2601851058975965,0.1602823444139459
0.2493430185005034,-0.0660238367693154,-0.8403535719257532,1.388089782022223,1.0849471541743665,-0.3905327429542005,-0.2496737520961804,-0.4136950481177361
-0.1762399449300049,-0.0660238367693154,-0.6075671810413326,-0.9720877001113613,0.1558933651758841,-0.2467751686520781,-0.2079210776579033,-0.304346661526483
1.6974844048791118,0.0802899412215366,2.8138984884069957,1.5138245831485522,-0.3669627403574541,-0.3052929130050494,0.220180250592372,-0.1138277161429311
1.3622813047802331,-0.0660238367693154,-0.6651533769956008,0.838045646891695,-0.5118004942273962,-0.094602223095545,0.5392582419529599,-0.0168643681219016
0.2329271787778777,-0.0660238367693154,-0.7481680172854146,0.7228668552026057,-0.4835370695272315,-0.0247247535859888,-0.1250697070833901,-0.0881199392296338
1.581483774748747,-0.0660238367693154,-0.6764085900621538,0.8413943955120623,-0.5197642735057811,-0.1734805343748432,0.2112543723766246,0.3174627763533763
1.0916054390712857,-0.005617505648964,-1.1158383107928114,0.3498356360930627,-0.3298749205779647,0.4938646459995115,0.0688657078149656,-0.1915503487183193
1.5589235882372836,-0.0598750418974204,0.4751366748475534,2.4736292465799905,-0.4042645239026081,2.557873774891441,11.713121247121464,-0.1506689186508084
1.7353938652555132,-0.0376180552120716,1.2528778528855515,2.4936310036300187,0.1799453513111073,3.160307295071052,0.6131148126909967,-0.0683434605315093
1.3793463585031909,-0.0354968308563392,0.6200847626993518,0.7213583190395411,-0.2088800976343348,0.4842304205482313,0.1845369234807453,0.050937880322725
0.9677214960797728,-0.0660238367693154,0.6422378804811385,-0.082943222855914,-0.5290418430569478,-0.4852578212334181,-0.2405709685189929,-0.0795352065107173
1.0913040182854172,-0.0368471493794851,-0.3759718179946421,0.9686610028568914,-0.2190788085814001,1.151254320243483,0.61339968033098,-0.1302901852369611
-1.080989213032533,-0.0660238367693154,-0.6722995440219837,-0.5564352542778929,-0.4771649566071886,0.5797620690644709,-0.2557553533563236,-0.0053542260094491
-1.7481493432286357,-0.0660238367693154,0.6141296235106993,-0.0422444362226988,-0.503094148670924,0.2091175711183745,-0.2269554663197947,-0.7124650172698607
-2.0575461868144003,-0.0660238367693154,-0.6665230590089908,-1.3432445052966406,-0.541126925800265,-0.1690079184977579,-0.2969685580896089,-1.096991591970937
-1.8860841320844304,-0.0660238367693154,-0.4798294454447392,-1.397672417818645,-0.3483858868255383,-0.3827912721164462,-0.2844152002123895,0.2132134178141045
0.1492249451639245,-0.0660238367693154,-0.0127083274868481,-0.3391315593461287,-0.4418822746556161,-0.3967740437114187,-0.282722439583263,-0.3770059930032535
0.0965922387086122,-0.0660238367693154,-0.6971920258305505,-0.4148743835504277,-0.4766009469132576,0.0040503600078596,-0.2832843956775476,0.1905545179799212
-0.9698345016903444,-0.0660238367693154,-0.7224418159904366,-1.5661973410887842,-0.083343274114296,-0.6319411847989184,-0.2920030876585968,-0.0589382536622722
1.5095137655693238,-0.0302964565872268,2.7577415258580027,0.940466836003512,-0.4245661465136314,0.9682831076631556,0.0514876891033762,-0.123908960340972
0.6495834497038526,-0.0660238367693154,0.6534335421558051,0.7755116092627454,-0.4451336873172269,0.5849199417234319,-0.1981853291249247,0.3417583495734456
1.373039708214272,-0.0034810142712496,1.9970320458995503,1.7879055833952389,0.1855056942911961,2.967085491522594,0.8934073186427838,-0.1080223371967162
-0.7208377463495529,-0.0660238367693154,-0.2752108629226441,-0.0775403716649856,-0.443751097439725,-0.8986479045292212,-0.2329462797303229,-0.156469081674041
-0.3195771217171138,-0.0660238367693154,-0.7973574669836831,0.4265360667416312,-0.1231425475441577,-1.9748291861196088,-0.0562002331339391,0.8182093965897387
1.1686996016104534,-0.0660238367693154,1.5992882994894593,1.0781566419437274,0.1444620466457201,1.3961773558886552,0.276578183044985,0.542389294182191
0.5745064878085637,-0.0660238367693154,-0.5786847559763684,0.1760624864148997,-0.1304712119226204,-0.7375609963751203,-0.1683094646288065,0.5391586062120298
0.4041109989362793,-0.0660238367693154,-0.4473143854746974,0.6725463827135633,-0.1292975647399733,0.3775305351734669,0.0535470899134186,0.7731221534919631
1.4609154604017751,-0.0660238367693154,0.6983352916382438,0.3841197399888635,-0.3504846314924363,-0.9496362807216294,-0.1128594512218858,0.4278740491727673
0.2185053534848369,-0.0660238367693154,-0.6303753641338711,0.66197220021473,0.3652781459505425,-2.440356244632405,-0.0744775975744431,1.003282304877556
-0.4144782968367603,-0.0660238367693154,-0.6551487431586649,0.2513232850875539,-0.065209476133347,-2.080186564338309,0.0952765719563709,-1.5248343420233803
1.4031354143724188,-0.0660238367693154,0.361036207992974,1.0379035812018385,0.0247894163202914,1.0837071387117283,0.0022384983260419,0.9048204151838668
1.1357519910937142,-0.0660238367693154,-0.3539378029966284,-0.4975537730827232,-0.4251970725823231,-2.214406035353672,-0.2175765839843378,-0.7528323581219496
-0.4300130604160799,-0.0660238367693154,-0.8640550258965897,-0.6082145849107725,-0.36419266375677,-0.6581441574890095,-0.3018081552208018,12.409324359838498
0.1794133961792627,-0.0660238367693154,-0.3036168768525158,0.8852262319223309,-0.2154314658535125,-0.4509686614885232,-0.1849207922012521,-0.1067588852532683
0.9629451359344884,-0.0660238367693154,0.2418738728280403,1.0765091173393508,3.4273976432367235,-0.758403180835539,0.2346621146953588,-0.7398041146600134
1.7763175334905916,-0.0660238367693154,3.2595215538938507,0.9037598667592476,-0.2082345888940999,-2.3277324712289618,0.2494204141039268,1.6030659921536243
0.5187204562087946,-0.0660238367693154,-0.7250620772334435,-0.2521715823112106,0.0654959647801105,-0.0861309690007071,-0.2588587326351791,-0.4321954321489205
-0.1901053010799063,-0.0660238367693154,-0.6579476585773315,-0.3159451357753868,1.5573391889695123,0.2131308199320135,-0.2613447813024069,0.7014018228301739
1.1042651120777176,-0.0660238367693154,-0.6689646660763383,0.3206545082630376,-0.4414457873585534,-0.9451786686895126,-0.0813068938488702,-0.8237033334383238
0.982885280230335,-0.0660238367693154,0.3831893257747607,0.7817209379670751,0.2314356210562684,1.1161724655572467,-0.0064058363034418,1.2811035381696552
-0.9446079005346708,-0.0660238367693154,-0.1275234110440657,0.1971455278910043,-0.3484490378902484,-0.675181897624004,-0.2317846236206778,0.439989270152389
0.4838252036910661,-0.0660238367693154,-0.3147529871352958,-0.5695538331614372,-0.2955296399349063,-0.5243710991590405,-0.2266174284080409,-0.1778542572547818
-1.444711356717327,-0.0660238367693154,0.3226851116180528,-0.7909930723295392,0.006214436846376,-0.8123899458989602,-0.2613653670545976,-0.1932580947098339
-1.5763394952842016,-0.0660238367693154,0.3881916426932289,0.3885530222043767,-0.4187373576702637,-0.5801109861203215,-0.2850473451172534,1.0046865620369103
0.2054747010496449,-0.0660238367693154,-0.6020289015958858,-0.4039483213050306,0.1994925801188627,-1.1402798250184767,-0.2285339338528633,-0.8418337007701437
-1.0703467406699831,-0.0660238367693154,-0.5496832281276315,-0.7719290883415125,-0.1290087371278858,-0.4475708209912445,-0.2879465776126795,0.8829280307213928
-0.3975059879709944,-0.0660238367693154,-0.6384743534304382,-0.6860589671476068,-0.4101101309043799,-0.8171863507029526,-0.2801887391248249,0.6371300879176497
-1.0092510659960845,-0.0660238367693154,0.0818592828289511,-0.7141244910479142,-0.397869766995179,-0.5649404473385446,-0.27932283319633,-0.3625113960349473
-0.5083129060987188,-0.0660238367693154,-0.0625528424958684,-0.1041025336512667,-0.3927899612985568,-0.2338587465996638,0.1499675835763768,0.2057017309047226
0.8759736461045872,-0.0363865042825298,0.6119857734027844,-0.4203499081546229,-0.4704648410741976,0.510948753880992,-0.22498432912851,-0.7583400215159533
-0.2825719236983134,-0.0660238367693154,-0.531996464737334,-0.1599876009293096,-0.3152560496378438,-0.0290814788978302,-0.1953409293160161,0.2655218321807127
1.2180398656355202,-0.0571194800623657,2.332663690571998,1.4299698982437938,-0.0754474941107284,2.223377066202465,0.471921018103097,0.6542936936118088
-1.5812549727152712,-0.0660238367693154,0.1227115376631063,-1.2930737257999942,-0.1439446646440716,-0.5873324173834111,-0.3053567336348625,-0.2893653753513982
-1.6145271902321765,-0.0660238367693154,-0.3392881605925435,-1.5577302600586571,-0.3714586855454889,0.288014752099484,-0.3094541933609686,-0.3276039637344256
-1.0801081368892285,-0.0660238367693154,0.072152405951448,-0.9631740897963366,-0.5391080739699655,-0.6044103713623998,-0.2983126502784026,-0.3333140723340429
0.5437383814357911,-0.0660238367693154,0.4664421716321209,0.6506983844722002,-0.3296166364614558,0.7683356794378248,-0.2399862939555599,-0.3343667193265458
-0.9246213838102304,-0.0660238367693154,-0.733756580448876,-1.6196973193404662,0.0216846998278359,-1.0315439941072837,-0.3038223001048156,-0.4081909157047046
-1.1795769962254774,-0.0660238367693154,-0.652766687483204,-0.975864067027152,-0.4835370695272315,-0.0247247535859888,-0.3050332046055172,0.6199881034707452
-0.6214152594418964,-0.0660238367693154,-0.8390434413042497,-1.2967169864532564,4.175402194137371,-0.3888682622888825,-0.3036051398810077,-0.0635168633218221
-0.9865981346274334,-0.0660238367693154,-0.6041727517038006,-0.7314903832009373,0.5935488965863382,-0.9353133244324948,-0.2997335986111115,-0.4228053466754726
-1.142873218992546,-0.0660238367693154,-0.7291115718817273,0.6569533618589274,0.2550469894493143,-0.3950143150124979,-0.2862395009221266,-1.2437459028532842
0.759161498473811,-0.0434253067310935,1.7738334291088602,1.191444123673567,0.5510865205031379,1.38204693168973,-0.2312026731350368,-0.439973610441092
-0.5072231540267367,-0.0660238367693154,-0.8252275183865762,0.0740288385606368,1.4855861988570715,-0.0019977589280524,-0.2676011835391575,-0.6861276775063234
-0.8732639191412807,-0.0660238367693154,-0.8745360708686177,-0.1161502548721776,-0.0573016458620235,-1.016465410772191,-0.3111367224999871,-0.57714985261348
-0.9795958979095892,-0.0660238367693154,-0.7138664155587772,-1.8851737420874668,0.7593233713139869,-0.6980982825883952,-0.3124887295148429,0.1109680952534021
-0.3904573788245553,-0.0660238367693154,-0.7180350129908336,-0.1514123551509657,-0.2718205932517287,-0.6755878749983782,-0.2900081478447863,0.2052541364346378
-0.8295810914048009,-0.0660238367693154,-0.6474070622134167,-1.5432184911658966,0.1963582215603776,-0.0178366150626324,-0.3131502732515036,-0.4038070782301619
