GID_0,GID_1,GID_2,rwi_weight,pop2020,download_kbps_fixed,upload_kbps_fixed,download_mbps_fixed,upload_mbps_fixed,latency_fixed,tests_unique_dev_fixed,tests_fixed,hdi,life_expectancy,literacy_rate,gdp_per_capita,life_expectancy_index,literacy_index,education_index,gdp_index,pop60plus,pop60plus_ratio
SLV,SLV.1_1,SLV.1.1_1,0.6377686201431912,132187.51184916229,-1,-1,-1,-1,-1,-1,-1,0.715,69.6,79.5,5768.7,0.743,0.795,0.724,0.677,11025.44145,0.0834075874170399
SLV,SLV.1_1,SLV.1.2_1,0.3357781764506007,7603.737962736713,-1,-1,-1,-1,-1,-1,-1,0.72,70.1,80.3,5788.8,0.751,0.803,0.732,0.677,715.705539,0.0941254870311713
SLV,SLV.1_1,SLV.1.3_1,0.8473049489256329,33331.88827221255,-1,-1,-1,-1,-1,-1,-1,0.734,69.8,83.0,6260.4,0.747,0.83,0.765,0.69,3347.544483,0.1004306883444918
SLV,SLV.1_1,SLV.1.4_1,0.5450357946225586,11392.06085616622,-1,-1,-1,-1,-1,-1,-1,0.712,70.9,73.8,6049.7,0.765,0.738,0.686,0.685,1092.856452,0.0959314092329892
SLV,SLV.1_1,SLV.1.5_1,1.1308869771516596,13466.408476431205,-1,-1,-1,-1,-1,-1,-1,0.751,69.6,83.9,8206.0,0.743,0.839,0.773,0.736,1149.2452430000003,0.0853416295080755
SLV,SLV.1_1,SLV.1.6_1,0.0841483362397999,24901.528318250275,-1,-1,-1,-1,-1,-1,-1,0.623,67.8,60.2,2965.1,0.713,0.602,0.589,0.566,1891.54009,0.0759608031212162
SLV,SLV.1_1,SLV.1.7_1,0.0640923672760684,30329.825855057054,-1,-1,-1,-1,-1,-1,-1,0.637,67.9,65.9,3380.3,0.716,0.659,0.609,0.588,2392.372806,0.0788785539828975
SLV,SLV.1_1,SLV.1.8_1,0.3289952333156647,46095.10473334968,-1,-1,-1,-1,-1,-1,-1,0.664,69.1,68.2,4487.1,0.735,0.682,0.623,0.635,3509.3752269999995,0.0761333605227927
SLV,SLV.1_1,SLV.1.9_1,0.1262903197781369,13225.998075255617,-1,-1,-1,-1,-1,-1,-1,0.68,68.3,77.75,3757.25,0.722,0.7775000000000001,0.715,0.6034999999999999,1272.544922,0.0962154171472919
SLV,SLV.1_1,SLV.1.10_1,0.2272777877011243,5987.553597904014,-1,-1,-1,-1,-1,-1,-1,0.677,70.3,70.2,4426.4,0.755,0.702,0.643,0.633,511.239265,0.085383664069239
SLV,SLV.1_1,SLV.1.11_1,0.0873334597016548,37504.25136344212,-1,-1,-1,-1,-1,-1,-1,0.651,69.1,69.3,3191.5,0.735,0.693,0.64,0.578,2299.474523,0.0613123696488833
SLV,SLV.1_1,SLV.1.12_1,,10833.634606120915,-1,-1,-1,-1,-1,-1,-1,0.756,71.2,83.6,7571.1,0.77,0.836,0.777,0.722,945.726666,0.087295418424549
SLV,SLV.2_1,SLV.2.1_1,-0.1677722731888981,3535.1150227800663,-1,-1,-1,-1,-1,-1,-1,0.629,65.9,72.9,1916.9,0.681,0.729,0.713,0.493,264.027174,0.0746870108323562
SLV,SLV.2_1,SLV.2.2_1,0.1208905379828618,6194.567866422493,-1,-1,-1,-1,-1,-1,-1,0.614,65.2,61.7,3474.8,0.669,0.617,0.582,0.592,555.8159860000001,0.089726353473789
SLV,SLV.2_1,SLV.2.3_1,0.6062641292306624,10530.129359661118,-1,-1,-1,-1,-1,-1,-1,0.658,65.3,71.7,4467.7,0.672,0.717,0.668,0.634,976.217756,0.0927071000418761
SLV,SLV.2_1,SLV.2.4_1,0.3263125908882132,64161.83753879628,-1,-1,-1,-1,-1,-1,-1,0.666,66.3,74.8,4016.7,0.688,0.748,0.693,0.616,5796.438838000002,0.0903409107398944
SLV,SLV.2_1,SLV.2.5_1,-0.311795218566298,5948.167497362156,-1,-1,-1,-1,-1,-1,-1,0.588,64.1,62.1,1937.8,0.652,0.621,0.616,0.495,572.2030279999999,0.0961982036070362
SLV,SLV.2_1,SLV.2.6_1,0.1117355078818719,5266.461436403267,-1,-1,-1,-1,-1,-1,-1,0.633,65.6,68.0,3239.8,0.6765000000000001,0.6799999999999999,0.653,0.5695,661.6035189999997,0.125625816687237
SLV,SLV.2_1,SLV.2.7_1,0.1621321967186788,33788.95440677937,-1,-1,-1,-1,-1,-1,-1,0.683,67.7,71.6,5294.0,0.711,0.716,0.676,0.662,3560.2824639999994,0.1053682342797109
SLV,SLV.2_1,SLV.2.8_1,0.2381320440435312,8782.736406081101,-1,-1,-1,-1,-1,-1,-1,0.662,65.9,70.7,4236.0,0.681,0.707,0.679,0.625,767.0669709999999,0.08733803857177
SLV,SLV.2_1,SLV.2.9_1,-0.1362639972975859,11812.745222307523,-1,-1,-1,-1,-1,-1,-1,0.616,64.9,67.5,2731.5,0.666,0.675,0.63,0.552,1224.768584,0.1036819605392921
SLV,SLV.3_1,SLV.3.1_1,-0.2128166634119771,7986.036571444387,-1,-1,-1,-1,-1,-1,-1,0.719,66.3,71.2,12901.1,0.688,0.712,0.657,0.811,817.3133200000002,0.1023427970418344
SLV,SLV.3_1,SLV.3.2_1,-0.5781237363283961,3604.1632392153983,-1,-1,-1,-1,-1,-1,-1,0.628,65.7,68.8,2969.1,0.678,0.688,0.64,0.566,340.726798,0.0945370049537972
SLV,SLV.3_1,SLV.3.3_1,-0.172320478199884,951.2514062303984,-1,-1,-1,-1,-1,-1,-1,0.72,68.3,84.2,4625.0,0.721,0.842,0.799,0.64,175.95865400000002,0.184975972542617
SLV,SLV.3_1,SLV.3.4_1,0.4224462582890832,27925.574270480207,-1,-1,-1,-1,-1,-1,-1,0.731,67.5,84.1,6567.2,0.709,0.841,0.785,0.698,3226.205159,0.1155286952293898
SLV,SLV.3_1,SLV.3.5_1,-0.0446118750651936,4224.1688544179015,-1,-1,-1,-1,-1,-1,-1,0.655,67.3,69.2,4897.0,0.705,0.692,0.609,0.649,428.444608,0.1014269606083349
SLV,SLV.3_1,SLV.3.6_1,0.4242885775455051,1743.1304340399222,-1,-1,-1,-1,-1,-1,-1,0.644,65.6,71.2,3475.2,0.676,0.712,0.664,0.592,217.848829,0.1249756327729923
SLV,SLV.3_1,SLV.3.7_1,0.3734032028275653,5059.665960026835,-1,-1,-1,-1,-1,-1,-1,0.673,67.6,75.6,3873.3,0.71,0.756,0.7,0.61,573.374556,0.1133226107276376
SLV,SLV.3_1,SLV.3.8_1,-0.1700317917510664,4331.111575357687,-1,-1,-1,-1,-1,-1,-1,0.668,66.7,72.4,4790.7,0.694,0.724,0.663,0.646,479.1623270000001,0.110632644452349
SLV,SLV.3_1,SLV.3.9_1,0.0657194467370264,2217.6833831036934,-1,-1,-1,-1,-1,-1,-1,0.639,65.7,75.1,2758.0,0.678,0.751,0.685,0.554,276.743862,0.1247896178996892
SLV,SLV.3_1,SLV.3.10_1,0.7358636895870785,9204.438272650128,-1,-1,-1,-1,-1,-1,-1,0.69,67.1,76.0,5287.5,0.702,0.76,0.705,0.662,881.1360510000002,0.0957294758136614
SLV,SLV.3_1,SLV.3.11_1,0.2776913762383118,8516.092726346875,-1,-1,-1,-1,-1,-1,-1,,,,,,,,,788.2567359999999,0.0925608446654544
SLV,SLV.3_1,SLV.3.12_1,-0.052900644044757,3004.612020235801,-1,-1,-1,-1,-1,-1,-1,0.629,65.6,69.1,2707.3,0.676,0.691,0.66,0.551,358.031374,0.1191606009656786
SLV,SLV.3_1,SLV.3.13_1,0.1452854071223465,11535.399835604368,-1,-1,-1,-1,-1,-1,-1,0.678,67.0,74.2,5009.1,0.699,0.742,0.68,0.653,938.72116,0.0813774271701105
SLV,SLV.3_1,SLV.3.14_1,-0.1609975361665893,11408.049495152334,-1,-1,-1,-1,-1,-1,-1,0.667,66.3,73.9,4439.0,0.689,0.739,0.681,0.633,1139.962083,0.0999261165096108
SLV,SLV.3_1,SLV.3.15_1,-0.1779737677333074,856.0941500009596,-1,-1,-1,-1,-1,-1,-1,0.635,65.4,73.6,2455.1,0.674,0.736,0.695,0.534,115.25417900000002,0.1346279249774932
SLV,SLV.3_1,SLV.3.16_1,-0.021234557678816,3270.4272098282136,-1,-1,-1,-1,-1,-1,-1,0.646,66.1,67.4,3262.3,0.686,0.674,0.67,0.582,356.0204980000001,0.1088605479217196
SLV,SLV.3_1,SLV.3.17_1,0.2308895581351119,27514.40267289813,-1,-1,-1,-1,-1,-1,-1,0.669,66.1,72.0,5443.9,0.686,0.72,0.653,0.667,2594.503763999999,0.0942962053308757
SLV,SLV.3_1,SLV.3.18_1,-0.2640556797375115,1984.171208855681,-1,-1,-1,-1,-1,-1,-1,0.643,65.1,70.7,3008.9,0.668,0.707,0.694,0.568,190.6017760000001,0.0960611539716497
SLV,SLV.3_1,SLV.3.19_1,0.0298122972627436,3761.0796008017664,-1,-1,-1,-1,-1,-1,-1,0.623,66.3,66.6,2638.4,0.688,0.666,0.635,0.546,383.7924129999999,0.1020431508331238
SLV,SLV.3_1,SLV.3.20_1,0.2862110488671787,1559.3938521040018,-1,-1,-1,-1,-1,-1,-1,0.68,69.1,81.4,2876.2,0.734,0.814,0.746,0.561,239.143196,0.1533565081568954
SLV,SLV.3_1,SLV.3.21_1,-0.214725634654012,3257.960697334707,-1,-1,-1,-1,-1,-1,-1,0.629,64.7,66.3,3120.9,0.662,0.663,0.651,0.574,305.771157,0.093853543798164
SLV,SLV.3_1,SLV.3.22_1,0.415,2318.71644789124,-1,-1,-1,-1,-1,-1,-1,0.686,70.2,76.4,2947.0,0.754,0.764,0.739,0.565,256.101882,0.1104498491969176
SLV,SLV.3_1,SLV.3.23_1,-0.3156714995848755,3410.7965487052115,-1,-1,-1,-1,-1,-1,-1,0.632,66.15,72.65,2344.05,0.686,0.7265,0.683,0.5265,268.0771180000001,0.0785966310719313
SLV,SLV.3_1,SLV.3.24_1,0.251,747.4911721281916,-1,-1,-1,-1,-1,-1,-1,0.736,68.8,83.8,5367.7,0.731,0.838,0.812,0.665,135.964804,0.181894862534487
SLV,SLV.3_1,SLV.3.25_1,-0.2463270084435012,6372.217664970423,-1,-1,-1,-1,-1,-1,-1,0.628,66.2,72.1,2431.8,0.687,0.721,0.664,0.533,528.3739800000001,0.082918382230506
SLV,SLV.3_1,SLV.3.26_1,0.4838428093645482,9373.750737760693,-1,-1,-1,-1,-1,-1,-1,0.678,66.9,73.1,5661.4,0.698,0.731,0.662,0.674,716.5192990000003,0.0764389110661556
SLV,SLV.3_1,SLV.3.27_1,-0.2062291945232239,24136.650153794923,-1,-1,-1,-1,-1,-1,-1,0.641,66.6,72.5,2459.9,0.693,0.725,0.695,0.535,854.1044909999999,0.0353862066839342
SLV,SLV.3_1,SLV.3.28_1,0.1477987122424708,1660.971874116536,-1,-1,-1,-1,-1,-1,-1,0.626,67.3,68.4,2163.9,0.705,0.684,0.66,0.513,146.71902300000002,0.0883332374776299
SLV,SLV.3_1,SLV.3.29_1,0.3258622682348279,11216.893230204349,-1,-1,-1,-1,-1,-1,-1,0.66,66.6,76.0,2939.1,0.693,0.76,0.723,0.564,535.9676419999998,0.047782182731023
SLV,SLV.3_1,SLV.3.30_1,0.501,762.263579250638,-1,-1,-1,-1,-1,-1,-1,0.696,66.4,85.7,3614.3,0.689,0.857,0.8,0.599,159.57686599999994,0.2093460455724198
SLV,SLV.3_1,SLV.3.31_1,0.015909649981481,1868.929981141725,-1,-1,-1,-1,-1,-1,-1,0.717,67.7,82.1,5112.3,0.712,0.821,0.781,0.657,244.3326249999999,0.1307339640678981
SLV,SLV.3_1,SLV.3.32_1,0.3329968991509871,4357.759239776667,-1,-1,-1,-1,-1,-1,-1,0.712,67.3,80.0,6584.4,0.705,0.8,0.732,0.699,589.840912,0.1353541762050693
SLV,SLV.3_1,SLV.3.33_1,0.2808049253529596,7334.630606130627,-1,-1,-1,-1,-1,-1,-1,0.682,65.6,77.5,4860.4,0.676,0.775,0.721,0.648,825.0967940000002,0.1124932990231772
SLV,SLV.3_1,SLV.3.34_1,0.1912644978985035,11714.834749674015,-1,-1,-1,-1,-1,-1,-1,0.68,65.1,78.8,5133.4,0.668,0.788,0.713,0.657,1189.7377740000002,0.1015582207878012
SLV,SLV.4_1,SLV.4.1_1,0.5098481216014377,8930.156006683661,-1,-1,-1,-1,-1,-1,-1,0.699,68.7,83.7,3963.3,0.728,0.837,0.755,0.614,877.680132,0.0982827322773657
SLV,SLV.4_1,SLV.4.2_1,1.0098919582517625,40804.3362190293,-1,-1,-1,-1,-1,-1,-1,0.774,72.6,88.7,7418.4,0.794,0.887,0.809,0.719,4042.520467999999,0.0990708547812315
SLV,SLV.4_1,SLV.4.3_1,0.5900573610253168,12097.112382420615,-1,-1,-1,-1,-1,-1,-1,0.6835,68.2,74.05000000000001,4828.45,0.7195,0.7404999999999999,0.685,0.646,941.2023989999998,0.0778038898247935
SLV,SLV.4_1,SLV.4.4_1,0.3235868830687176,4233.801637716514,-1,-1,-1,-1,-1,-1,-1,0.6930000000000001,68.7,79.46666666666667,4169.533333333334,0.7280000000000001,0.7946666666666666,0.7346666666666667,0.616,381.653926,0.090144498646338
SLV,SLV.4_1,SLV.4.5_1,0.1598226681330192,21382.275792922686,-1,-1,-1,-1,-1,-1,-1,0.671,68.2,76.9,3209.7,0.719,0.769,0.716,0.579,1911.082418,0.0893769417487613
SLV,SLV.4_1,SLV.4.6_1,0.1855608420433322,7568.811650841288,-1,-1,-1,-1,-1,-1,-1,0.724,70.2,84.3,4763.5,0.753,0.843,0.776,0.645,629.618976,0.0831859748987169
SLV,SLV.4_1,SLV.4.7_1,1.266,13487.866422176809,-1,-1,-1,-1,-1,-1,-1,0.76,70.8,88.6,6899.8,0.764,0.886,0.811,0.707,1032.563029,0.0765549566314102
SLV,SLV.4_1,SLV.4.8_1,0.0475982415020734,7675.214265948358,-1,-1,-1,-1,-1,-1,-1,0.671,68.4,79.5,3052.3,0.723,0.795,0.719,0.571,625.7603650000001,0.0815300190088804
SLV,SLV.4_1,SLV.4.9_1,0.0255908597181545,7508.797347209772,-1,-1,-1,-1,-1,-1,-1,0.71,70.3,82.6,4083.2,0.754,0.826,0.756,0.619,739.5627529999999,0.0984928369753935
SLV,SLV.4_1,SLV.4.10_1,0.302803127768071,59850.94314458942,-1,-1,-1,-1,-1,-1,-1,0.702,67.7,80.5,5130.4,0.712,0.805,0.735,0.657,4314.389352,0.0720855700064272
SLV,SLV.4_1,SLV.4.11_1,0.5378236482449068,19288.81535255825,-1,-1,-1,-1,-1,-1,-1,0.751,70.0,83.1,8175.7,0.751,0.831,0.767,0.735,1511.9552259999996,0.0783850743741746
SLV,SLV.4_1,SLV.4.12_1,0.2131073015682663,7763.29300459596,-1,-1,-1,-1,-1,-1,-1,0.714,69.2,88.5,3658.9,0.737,0.885,0.804,0.601,713.8176210000001,0.0919477882101592
SLV,SLV.4_1,SLV.4.13_1,0.3099103202227422,3179.9973396188893,-1,-1,-1,-1,-1,-1,-1,0.71,71.6,81.2,4307.1,0.776,0.812,0.727,0.628,344.434131,0.1083127104254996
SLV,SLV.4_1,SLV.4.14_1,0.7345022682035932,14955.656520369575,-1,-1,-1,-1,-1,-1,-1,0.721,69.1,80.5,5970.4,0.735,0.805,0.746,0.683,1256.5959819999998,0.0840214523707814
SLV,SLV.4_1,SLV.4.15_1,0.1663218587379928,35767.696280605625,-1,-1,-1,-1,-1,-1,-1,0.686,68.5,76.9,4027.3,0.725,0.769,0.716,0.617,2908.365425,0.0813126291999132
SLV,SLV.4_1,SLV.4.16_1,-0.199408663247687,8783.89949870321,-1,-1,-1,-1,-1,-1,-1,0.685,68.1,76.3,4213.3,0.719,0.763,0.711,0.624,805.3269160000002,0.0916821641821941
SLV,SLV.5_1,SLV.5.1_1,1.3166256892108352,40891.58824977564,-1,-1,-1,-1,-1,-1,-1,0.878,74.3,95.7,20131.1,0.821,0.957,0.927,0.885,4949.055291999999,0.1210286883886725
SLV,SLV.5_1,SLV.5.2_1,0.1510920726877241,8932.832661271244,-1,-1,-1,-1,-1,-1,-1,0.656,68.7,74.0,2712.8,0.729,0.74,0.688,0.551,734.6092480000002,0.0822369875106847
SLV,SLV.5_1,SLV.5.3_1,0.7977932674964917,80352.42924432267,-1,-1,-1,-1,-1,-1,-1,0.711,68.8,82.6,5153.9,0.73,0.826,0.744,0.658,6066.982810000001,0.0755046594988746
SLV,SLV.5_1,SLV.5.4_1,0.9415228942115924,149934.15850274818,-1,-1,-1,-1,-1,-1,-1,0.757,71.6,88.7,6110.1,0.777,0.887,0.807,0.686,8786.851673000003,0.0586047353101257
SLV,SLV.5_1,SLV.5.5_1,-0.1555834357101993,10402.528728353089,-1,-1,-1,-1,-1,-1,-1,0.648,69.0,73.7,2514.3,0.733,0.737,0.672,0.538,875.5731609999999,0.084169261519417
SLV,SLV.5_1,SLV.5.6_1,0.2729670189120899,15677.67107326099,-1,-1,-1,-1,-1,-1,-1,0.669,68.1,79.5,2847.4,0.719,0.795,0.728,0.559,1115.3858369999998,0.0711448678689491
SLV,SLV.5_1,SLV.5.7_1,0.5176424993365754,11704.525692364808,-1,-1,-1,-1,-1,-1,-1,0.685,69.3,79.7,4157.6,0.739,0.797,0.695,0.622,984.8787309999998,0.084145121031471
SLV,SLV.5_1,SLV.5.8_1,0.1097313998387018,4721.805246549808,-1,-1,-1,-1,-1,-1,-1,0.641,69.1,69.9,2381.7,0.735,0.699,0.658,0.529,378.39399900000006,0.080137570111874
SLV,SLV.5_1,SLV.5.9_1,0.5546815296043808,33539.31957631524,-1,-1,-1,-1,-1,-1,-1,0.698,70.4,78.6,4366.3,0.756,0.786,0.708,0.63,2646.6419750000005,0.0789116180183036
SLV,SLV.5_1,SLV.5.10_1,1.029987359279414,126071.13438981464,-1,-1,-1,-1,-1,-1,-1,0.835,74.0,92.9,12455.7,0.817,0.929,0.885,0.805,13036.752281,0.1034079081155094
SLV,SLV.5_1,SLV.5.11_1,0.725,4727.736608828522,-1,-1,-1,-1,-1,-1,-1,0.785,74.8,87.3,7424.6,0.83,0.873,0.808,0.719,358.927605,0.075919543472397
SLV,SLV.5_1,SLV.5.12_1,0.6693776064235674,94900.57405252288,-1,-1,-1,-1,-1,-1,-1,0.703,68.5,82.2,4588.2,0.726,0.822,0.746,0.639,6944.545033,0.0731770603321801
SLV,SLV.5_1,SLV.5.13_1,0.8306067953923238,57309.13120446457,-1,-1,-1,-1,-1,-1,-1,0.734,70.6,84.8,5469.5,0.761,0.848,0.774,0.668,5276.351954,0.0920682593350665
SLV,SLV.5_1,SLV.5.14_1,0.811234792295918,16498.017354208016,-1,-1,-1,-1,-1,-1,-1,0.706,69.3,79.8,5187.5,0.738,0.798,0.72,0.659,1262.5753539999996,0.0765289141654324
SLV,SLV.5_1,SLV.5.15_1,0.308718695833385,24336.502852960337,-1,-1,-1,-1,-1,-1,-1,0.712,70.6,82.7,4324.5,0.76,0.827,0.748,0.629,1592.3106599999996,0.0654289019922313
SLV,SLV.5_1,SLV.5.16_1,0.0751487158985551,7885.208903950012,-1,-1,-1,-1,-1,-1,-1,0.671,69.2,73.2,3825.5,0.737,0.732,0.669,0.608,786.981669,0.0998047963708063
SLV,SLV.5_1,SLV.5.17_1,0.3407211161658339,20007.42099636801,-1,-1,-1,-1,-1,-1,-1,0.668,68.8,73.1,3719.4,0.73,0.731,0.67,0.604,1736.28588,0.086782093519959
SLV,SLV.5_1,SLV.5.18_1,-0.0639971761821959,5595.503577131335,-1,-1,-1,-1,-1,-1,-1,0.678,68.6,79.1,3589.0,0.727,0.791,0.709,0.598,426.50316,0.0762224800897467
SLV,SLV.5_1,SLV.5.19_1,0.2794179635098724,16268.340077627654,-1,-1,-1,-1,-1,-1,-1,0.655,68.7,73.0,2975.7,0.728,0.73,0.671,0.566,1236.988845,0.0760365740510377
SLV,SLV.5_1,SLV.5.20_1,-0.0038868786397439,11003.549073897118,-1,-1,-1,-1,-1,-1,-1,0.631,68.5,66.8,2720.9,0.725,0.668,0.616,0.551,949.668655,0.0863056681641768
SLV,SLV.5_1,SLV.5.21_1,0.1449964292572168,15833.849193918431,-1,-1,-1,-1,-1,-1,-1,0.69,70.8,77.3,3588.1,0.764,0.773,0.71,0.598,1178.7071050000004,0.0744422338854108
SLV,SLV.5_1,SLV.5.22_1,0.8461090910086178,29266.945321763225,-1,-1,-1,-1,-1,-1,-1,0.727,70.5,87.2,4412.7,0.758,0.872,0.79,0.632,2037.532317,0.0696188923920552
SLV,SLV.6_1,SLV.6.1_1,0.55,8575.379392673894,-1,-1,-1,-1,-1,-1,-1,0.742,69.0,87.4,6365.5,0.733,0.874,0.801,0.693,781.2794980000002,0.0911072807656139
SLV,SLV.6_1,SLV.6.2_1,0.6016186107269207,24757.598336057945,-1,-1,-1,-1,-1,-1,-1,0.6930000000000001,68.7,79.46666666666667,4169.533333333334,0.7280000000000001,0.7946666666666666,0.7346666666666667,0.616,1628.9135789999998,0.0657944909231193
SLV,SLV.6_1,SLV.6.3_1,-0.001,2992.888498092554,-1,-1,-1,-1,-1,-1,-1,0.698,68.9,82.3,3815.7,0.732,0.823,0.755,0.608,291.0436370000001,0.0972450651554475
SLV,SLV.6_1,SLV.6.4_1,0.086,1374.8607664809842,-1,-1,-1,-1,-1,-1,-1,0.72,72.2,81.8,4545.2,0.787,0.818,0.735,0.637,156.853348,0.1140867146870973
SLV,SLV.6_1,SLV.6.5_1,0.5538115229072206,42942.288831841855,-1,-1,-1,-1,-1,-1,-1,0.743,70.3,86.5,6415.6,0.755,0.865,0.779,0.695,2898.1898139999994,0.0674903432685912
SLV,SLV.6_1,SLV.6.6_1,0.2360539331094492,202.024280735016,-1,-1,-1,-1,-1,-1,-1,0.692,72.2,83.3,2402.8,0.786,0.833,0.761,0.531,26.27451,0.1300561987123855
SLV,SLV.6_1,SLV.6.7_1,-0.1810830864865286,4266.093763491666,-1,-1,-1,-1,-1,-1,-1,0.71,70.6,81.3,3726.2,0.76,0.813,0.765,0.604,482.613071,0.1131276286353809
SLV,SLV.6_1,SLV.6.8_1,-0.248,3783.5356346459057,-1,-1,-1,-1,-1,-1,-1,0.692,69.9,81.8,2883.4,0.748,0.818,0.766,0.561,450.434702,0.1190512646095787
SLV,SLV.6_1,SLV.6.9_1,0.0208473539693103,7369.797217715131,-1,-1,-1,-1,-1,-1,-1,0.692,68.6,83.3,3401.0,0.726,0.833,0.761,0.589,681.2312890000001,0.0924355540424493
SLV,SLV.6_1,SLV.6.10_1,0.3843203111069069,19584.135571120845,-1,-1,-1,-1,-1,-1,-1,0.7,68.2,84.9,3730.0,0.72,0.849,0.776,0.604,1671.47246,0.0853482888703439
SLV,SLV.6_1,SLV.6.11_1,0.7484350007001013,12818.726006249224,-1,-1,-1,-1,-1,-1,-1,0.729,69.7,86.5,5120.3,0.745,0.865,0.785,0.657,1145.877032,0.0893908670363479
SLV,SLV.6_1,SLV.6.12_1,0.060587215644273,3165.640456528033,-1,-1,-1,-1,-1,-1,-1,0.696,70.3,82.8,2944.8,0.755,0.828,0.769,0.565,360.736281,0.113953648859935
SLV,SLV.6_1,SLV.6.13_1,0.4421752899214324,19021.21391654778,-1,-1,-1,-1,-1,-1,-1,0.677,68.7,74.3,4275.2,0.728,0.743,0.676,0.627,1417.0599209999996,0.0744989214262086
SLV,SLV.6_1,SLV.6.14_1,0.555536591340416,23521.6777389509,-1,-1,-1,-1,-1,-1,-1,0.69,68.4,79.7,4167.4,0.723,0.797,0.724,0.623,1777.7508640000003,0.0755792543257286
SLV,SLV.6_1,SLV.6.15_1,0.4358992836191335,7006.975250155494,-1,-1,-1,-1,-1,-1,-1,0.698,71.7,82.1,2935.8,0.779,0.821,0.753,0.564,722.0648919999999,0.1030494423373304
SLV,SLV.6_1,SLV.6.16_1,0.4512913684078659,23974.903088609262,-1,-1,-1,-1,-1,-1,-1,0.669,67.2,78.3,4006.4,0.703,0.783,0.687,0.616,2125.6329560000004,0.0886607527940295
SLV,SLV.6_1,SLV.6.17_1,0.237488895265979,7767.216437884381,-1,-1,-1,-1,-1,-1,-1,0.702,69.5,85.1,3216.8,0.741,0.851,0.787,0.579,976.142385,0.125674672877518
SLV,SLV.6_1,SLV.6.18_1,0.7062792282642034,9082.321766465791,-1,-1,-1,-1,-1,-1,-1,0.724,69.5,85.4,4605.8,0.742,0.854,0.792,0.639,847.3037250000002,0.0932915334632228
SLV,SLV.6_1,SLV.6.19_1,0.3443695967097835,5605.866360053618,-1,-1,-1,-1,-1,-1,-1,0.685,68.5,83.6,2831.4,0.725,0.836,0.774,0.558,667.401376,0.1190541003181561
SLV,SLV.6_1,SLV.6.20_1,0.2925370360609249,51384.386728992366,-1,-1,-1,-1,-1,-1,-1,0.694,68.1,83.4,3857.4,0.719,0.834,0.753,0.61,4385.903303,0.0853547854162743
SLV,SLV.6_1,SLV.6.21_1,0.0866981742531778,3273.400248043689,-1,-1,-1,-1,-1,-1,-1,0.678,68.5,80.9,3083.3,0.724,0.809,0.737,0.572,441.8202940000001,0.1349728907316021
SLV,SLV.6_1,SLV.6.22_1,0.6122979303044199,66755.30898530147,-1,-1,-1,-1,-1,-1,-1,0.72,70.6,80.3,5053.6,0.76,0.803,0.744,0.655,6413.575547,0.0960758873636877
SLV,SLV.7_1,SLV.7.1_1,0.0249113550323233,10639.218643833625,-1,-1,-1,-1,-1,-1,-1,0.633,68.6,59.4,4032.3,0.726,0.594,0.557,0.617,1402.89973,0.1318611617041168
SLV,SLV.7_1,SLV.7.2_1,-0.2772831141014934,3634.762899129641,-1,-1,-1,-1,-1,-1,-1,0.68,68.9,73.5,4279.1,0.732,0.735,0.68,0.627,617.2790340000001,0.1698264924371848
SLV,SLV.7_1,SLV.7.3_1,-0.167860732122947,9028.723728013336,-1,-1,-1,-1,-1,-1,-1,0.643,68.7,62.6,4281.9,0.728,0.626,0.575,0.627,1110.460626,0.1229919819735523
SLV,SLV.7_1,SLV.7.4_1,0.3580410031517655,47595.356563813286,-1,-1,-1,-1,-1,-1,-1,0.66,68.0,69.7,4234.8,0.717,0.697,0.639,0.625,4612.707512000001,0.0969150741798841
SLV,SLV.7_1,SLV.7.5_1,0.1479773897224717,7403.174029429922,-1,-1,-1,-1,-1,-1,-1,0.6835,68.2,74.05000000000001,4828.45,0.7195,0.7404999999999999,0.685,0.646,886.39218,0.1197313715004287
SLV,SLV.7_1,SLV.7.6_1,-0.1695244938014274,5856.937917761992,-1,-1,-1,-1,-1,-1,-1,0.648,68.6,65.1,4198.0,0.726,0.651,0.595,0.624,997.9376169999996,0.1703855548773383
SLV,SLV.7_1,SLV.7.7_1,0.1531979957774387,7570.663841232569,-1,-1,-1,-1,-1,-1,-1,0.668,70.3,62.7,5360.5,0.755,0.627,0.584,0.665,834.2089399999998,0.1101896686333629
SLV,SLV.7_1,SLV.7.8_1,0.4504991144798979,20019.38218086604,-1,-1,-1,-1,-1,-1,-1,0.724,71.8,74.5,6753.6,0.781,0.745,0.689,0.703,2416.750959,0.1207205565669185
SLV,SLV.7_1,SLV.7.9_1,-0.0401818071214361,14541.21039541118,-1,-1,-1,-1,-1,-1,-1,0.563,68.2,44.1,2528.6,0.721,0.441,0.428,0.539,1358.531983,0.0934263342636673
SLV,SLV.7_1,SLV.7.10_1,0.6367091346153848,1647.9928654423763,-1,-1,-1,-1,-1,-1,-1,0.668,70.6,67.4,4555.3,0.761,0.674,0.606,0.637,221.240564,0.1342484962400681
SLV,SLV.7_1,SLV.7.11_1,-0.0340759131797858,7695.883116730598,-1,-1,-1,-1,-1,-1,-1,0.635,68.6,61.1,3336.7,0.726,0.611,0.594,0.585,894.8170150000001,0.116272168044587
SLV,SLV.7_1,SLV.7.12_1,0.0740022516335172,12426.425161948458,-1,-1,-1,-1,-1,-1,-1,0.686,68.3,69.3,5924.2,0.722,0.693,0.654,0.681,1992.132068,0.1603141725828117
SLV,SLV.7_1,SLV.7.13_1,-0.0888244514992439,9323.916077315163,-1,-1,-1,-1,-1,-1,-1,0.649,68.5,65.3,3993.8,0.725,0.653,0.607,0.615,1040.821882,0.1116292632161599
SLV,SLV.7_1,SLV.7.14_1,0.0064101283541748,13908.834983862866,-1,-1,-1,-1,-1,-1,-1,0.669,68.9,69.9,4389.3,0.732,0.699,0.642,0.631,1947.02245,0.1399845819048791
SLV,SLV.7_1,SLV.7.15_1,0.0974171912494076,2152.3018984098744,-1,-1,-1,-1,-1,-1,-1,0.658,69.8,67.9,3499.8,0.747,0.679,0.634,0.593,333.32205400000004,0.1548677043152074
SLV,SLV.7_1,SLV.7.16_1,0.3826632044418431,30679.457663033827,-1,-1,-1,-1,-1,-1,-1,0.718,69.9,75.4,7174.0,0.748,0.754,0.692,0.713,3591.335483000001,0.117059940317239
SLV,SLV.7_1,SLV.7.17_1,-0.0378131641980289,8080.881788750756,-1,-1,-1,-1,-1,-1,-1,0.65,69.4,63.9,3892.5,0.739,0.639,0.598,0.611,859.7613360000001,0.1063944948677331
SLV,SLV.7_1,SLV.7.18_1,-0.0678882181894815,4876.976394078814,-1,-1,-1,-1,-1,-1,-1,0.662,68.8,69.4,3998.9,0.73,0.694,0.64,0.616,716.0174219999999,0.14681584739047
SLV,SLV.8_1,SLV.8.1_1,-0.1328993766489152,1612.0667111285263,-1,-1,-1,-1,-1,-1,-1,0.627,65.4,69.2,2836.4,0.673,0.692,0.651,0.558,156.330015,0.0969749042771072
SLV,SLV.8_1,SLV.8.2_1,-0.067949563547535,11520.340171285645,-1,-1,-1,-1,-1,-1,-1,0.588,66.2,54.1,2737.6,0.687,0.541,0.525,0.552,1199.351298,0.104107281570502
SLV,SLV.8_1,SLV.8.3_1,0.0565591543417582,9622.041236423463,-1,-1,-1,-1,-1,-1,-1,0.603,66.5,58.0,2860.9,0.692,0.58,0.558,0.56,1008.3479739999996,0.1047956404700262
SLV,SLV.8_1,SLV.8.4_1,0.2623036390299481,9272.657122802908,-1,-1,-1,-1,-1,-1,-1,0.596,66.7,55.6,2788.6,0.695,0.556,0.537,0.555,918.734834,0.0990799963627133
SLV,SLV.8_1,SLV.8.5_1,0.181042044229796,5636.605485332124,-1,-1,-1,-1,-1,-1,-1,0.659,68.1,71.4,3402.7,0.719,0.714,0.67,0.589,697.711786,0.1237822636009603
SLV,SLV.8_1,SLV.8.6_1,0.1461265527671804,8693.351237966617,-1,-1,-1,-1,-1,-1,-1,0.658,66.2,72.6,3869.3,0.687,0.726,0.676,0.61,1110.664212,0.1277601907017604
SLV,SLV.8_1,SLV.8.7_1,-0.1499734050124283,1600.915148203118,-1,-1,-1,-1,-1,-1,-1,0.6930000000000001,68.7,79.46666666666667,4169.533333333334,0.7280000000000001,0.7946666666666666,0.7346666666666667,0.616,221.41445700000008,0.1383049296825741
SLV,SLV.8_1,SLV.8.8_1,0.0456769126618509,5521.988041009983,-1,-1,-1,-1,-1,-1,-1,0.598,66.6,66.3,1807.4,0.693,0.663,0.617,0.483,570.632488,0.1033382332163888
SLV,SLV.8_1,SLV.8.9_1,-0.0560373797259244,12505.175553130905,-1,-1,-1,-1,-1,-1,-1,0.594,67.9,58.4,2002.0,0.715,0.584,0.566,0.5,1039.6567919999998,0.0831381204992122
SLV,SLV.8_1,SLV.8.10_1,-0.0338157427459307,4884.332149343077,-1,-1,-1,-1,-1,-1,-1,0.618,66.2,67.0,2488.8,0.687,0.67,0.63,0.536,595.879641,0.121998181692075
SLV,SLV.8_1,SLV.8.11_1,-0.1570726481251618,3626.3687736194825,-1,-1,-1,-1,-1,-1,-1,0.65,65.8,74.7,2604.4,0.679,0.747,0.727,0.544,314.06353099999995,0.0866055138365127
SLV,SLV.8_1,SLV.8.12_1,0.3842374902408831,8975.547722065192,-1,-1,-1,-1,-1,-1,-1,0.708,68.0,77.1,6045.0,0.717,0.771,0.723,0.685,1237.8951080000004,0.1379186146998917
SLV,SLV.8_1,SLV.8.13_1,0.0985352676775556,5243.596101478557,-1,-1,-1,-1,-1,-1,-1,0.605,66.2,59.3,2789.9,0.687,0.593,0.573,0.556,612.088227,0.1167306205806749
SLV,SLV.8_1,SLV.8.14_1,0.0785189992155154,7798.331075052686,-1,-1,-1,-1,-1,-1,-1,0.642,65.3,73.7,2776.6,0.671,0.737,0.699,0.555,762.6849440000002,0.0978010470009248
SLV,SLV.8_1,SLV.8.15_1,0.4718066370845032,6702.370221345473,-1,-1,-1,-1,-1,-1,-1,0.637,66.3,68.7,3207.0,0.689,0.687,0.643,0.579,830.3646479999999,0.1238911937982004
SLV,SLV.8_1,SLV.8.16_1,-0.2461376794474896,6787.904056742622,-1,-1,-1,-1,-1,-1,-1,0.664,66.3,77.8,3533.0,0.688,0.778,0.708,0.595,565.262048,0.0832749024256624
SLV,SLV.8_1,SLV.8.17_1,-0.0328904443086783,4284.333158668099,-1,-1,-1,-1,-1,-1,-1,0.665,66.0,71.4,4802.8,0.683,0.714,0.665,0.646,436.07871000000006,0.1017845003761488
SLV,SLV.8_1,SLV.8.18_1,,973.8189282073208,-1,-1,-1,-1,-1,-1,-1,0.632,66.15,72.65,2344.05,0.686,0.7265,0.683,0.5265,65.320748,0.0670768929499525
SLV,SLV.8_1,SLV.8.19_1,0.5952305803562673,17452.770998381995,-1,-1,-1,-1,-1,-1,-1,0.71,68.7,76.7,5496.9,0.729,0.767,0.732,0.669,1852.756022,0.1061582726417349
SLV,SLV.8_1,SLV.8.20_1,0.2215516261701985,3559.403875450618,-1,-1,-1,-1,-1,-1,-1,0.633,65.6,68.0,3239.8,0.6765000000000001,0.6799999999999999,0.653,0.5695,315.484072,0.0886339631689196
SLV,SLV.8_1,SLV.8.21_1,0.0835506692341142,9737.005305407898,-1,-1,-1,-1,-1,-1,-1,0.609,66.4,63.6,2294.9,0.689,0.636,0.614,0.523,654.6361119999999,0.0672317711110229
SLV,SLV.8_1,SLV.8.22_1,-0.1018575645476676,3663.770795484348,-1,-1,-1,-1,-1,-1,-1,0.6,66.8,57.3,2842.3,0.696,0.573,0.545,0.559,379.9271169999999,0.1036983856818406
SLV,SLV.8_1,SLV.8.23_1,0.2287811814706088,11115.523120316917,-1,-1,-1,-1,-1,-1,-1,0.619,66.2,60.7,3623.7,0.686,0.607,0.572,0.599,1346.94344,0.1211767926187892
SLV,SLV.8_1,SLV.8.24_1,-0.2519301428288154,4250.7311822529055,-1,-1,-1,-1,-1,-1,-1,0.601,66.3,68.8,1544.3,0.688,0.688,0.659,0.457,282.851158,0.0665417656098609
SLV,SLV.8_1,SLV.8.25_1,-0.1398148743665787,5779.930730679424,-1,-1,-1,-1,-1,-1,-1,0.6,65.9,61.4,2845.5,0.682,0.614,0.558,0.559,563.460955,0.0974857625904049
SLV,SLV.8_1,SLV.8.26_1,-0.0865514971983267,2468.132838474582,-1,-1,-1,-1,-1,-1,-1,0.645,66.4,68.9,3850.9,0.691,0.689,0.635,0.609,330.88533600000005,0.1340630175337329
SLV,SLV.9_1,SLV.9.1_1,0.2055242951896005,8078.399808127695,-1,-1,-1,-1,-1,-1,-1,0.614,68.7,58.8,2510.9,0.729,0.588,0.575,0.538,882.5483639999998,0.1092479185187227
SLV,SLV.9_1,SLV.9.2_1,0.0806264638896067,10471.413686076638,-1,-1,-1,-1,-1,-1,-1,0.672,69.3,67.0,5231.7,0.738,0.67,0.618,0.66,1076.857721,0.1028378548764479
SLV,SLV.9_1,SLV.9.3_1,0.3287646787820083,15614.848999194834,-1,-1,-1,-1,-1,-1,-1,0.698,69.7,75.6,4885.4,0.744,0.756,0.702,0.649,1863.147724,0.1193189715825027
SLV,SLV.9_1,SLV.9.4_1,0.0544251745775805,16017.162216526176,-1,-1,-1,-1,-1,-1,-1,0.654,68.9,64.1,4540.3,0.732,0.641,0.593,0.637,1837.45105,0.1147176400638657
SLV,SLV.9_1,SLV.9.5_1,0.2514075543121647,21847.387766650107,-1,-1,-1,-1,-1,-1,-1,0.656,69.5,68.4,3587.7,0.741,0.684,0.629,0.598,1808.5741310000003,0.0827821682993504
SLV,SLV.9_1,SLV.9.6_1,0.0499503411738014,2386.4208662410424,-1,-1,-1,-1,-1,-1,-1,0.676,68.2,74.2,4358.4,0.72,0.742,0.678,0.63,360.20220000000006,0.1509382544778744
SLV,SLV.9_1,SLV.9.7_1,0.593676458556919,16775.928698586933,-1,-1,-1,-1,-1,-1,-1,0.687,70.2,68.7,5352.6,0.754,0.687,0.643,0.664,1837.4464580000008,0.1095287474698656
SLV,SLV.9_1,SLV.9.8_1,0.1437144466521637,26938.100380108,-1,-1,-1,-1,-1,-1,-1,0.677,68.6,72.6,3909.2,0.727,0.726,0.691,0.612,2570.55528,0.0954245193138483
SLV,SLV.9_1,SLV.9.9_1,0.2991711403945167,22463.408059601075,-1,-1,-1,-1,-1,-1,-1,0.658,67.9,72.3,3322.5,0.715,0.723,0.673,0.585,2323.678383,0.1034428247412278
SLV,SLV.9_1,SLV.9.10_1,1.0040617555388929,16522.27931376169,-1,-1,-1,-1,-1,-1,-1,0.761,73.1,82.5,6548.2,0.801,0.825,0.784,0.698,1595.441043,0.0965630112348439
SLV,SLV.9_1,SLV.9.11_1,-0.1893643158963364,2880.911284529139,-1,-1,-1,-1,-1,-1,-1,0.617,68.9,60.1,2983.8,0.731,0.601,0.552,0.567,298.665202,0.1036703919360065
SLV,SLV.9_1,SLV.9.12_1,0.7625360836633048,4582.975379726635,-1,-1,-1,-1,-1,-1,-1,0.695,68.1,77.2,5706.3,0.718,0.772,0.691,0.675,511.44471,0.1115966523107323
SLV,SLV.9_1,SLV.9.13_1,-0.2297097756613207,4037.695625355286,-1,-1,-1,-1,-1,-1,-1,0.596,68.4,55.6,1840.0,0.724,0.556,0.579,0.486,410.908768,0.1017681385936175
SLV,SLV.9_1,SLV.9.14_1,-0.2766890409921327,5340.258830680304,-1,-1,-1,-1,-1,-1,-1,0.62,69.4,53.8,3818.5,0.74,0.538,0.511,0.608,539.6940449999997,0.1010614020989779
SLV,SLV.9_1,SLV.9.15_1,0.3790646289452766,9341.10939200826,-1,-1,-1,-1,-1,-1,-1,0.661,70.5,66.9,3740.4,0.758,0.669,0.621,0.604,1369.199647,0.1465778409758708
SLV,SLV.9_1,SLV.9.16_1,-0.1756937259705981,5069.822850850072,-1,-1,-1,-1,-1,-1,-1,0.621,68.6,57.5,3303.1,0.727,0.575,0.553,0.584,614.3922089999999,0.1211861295897119
SLV,SLV.9_1,SLV.9.17_1,0.7314132570701473,223973.37429265125,-1,-1,-1,-1,-1,-1,-1,0.746,71.4,82.4,6956.8,0.774,0.824,0.757,0.708,21782.948681,0.0972568670262459
SLV,SLV.9_1,SLV.9.18_1,0.6263944928639691,8553.36963547737,-1,-1,-1,-1,-1,-1,-1,0.712,67.3,80.0,6584.4,0.705,0.8,0.732,0.699,1165.620051,0.1362761228236041
SLV,SLV.9_1,SLV.9.19_1,-0.2227344112158926,9878.868075114038,-1,-1,-1,-1,-1,-1,-1,0.634,68.2,60.4,3498.1,0.72,0.604,0.588,0.593,1046.0996419999997,0.1058926624028152
SLV,SLV.9_1,SLV.9.20_1,0.0005735675999475,3349.493226248198,-1,-1,-1,-1,-1,-1,-1,0.659,68.9,69.2,3568.5,0.732,0.692,0.647,0.597,482.893155,0.1441690197238863
SLV,SLV.10_1,SLV.10.1_1,0.79297315963083,18366.897393715648,-1,-1,-1,-1,-1,-1,-1,0.733,71.2,80.6,5941.9,0.771,0.806,0.746,0.682,1730.6505209999998,0.0942266123614407
SLV,SLV.10_1,SLV.10.2_1,1.2334424925968377,202649.600952888,-1,-1,-1,-1,-1,-1,-1,0.767,72.0,89.7,6595.7,0.784,0.897,0.818,0.699,12886.35114,0.0635893240322531
SLV,SLV.10_1,SLV.10.3_1,1.608613874227414,69817.77732004161,-1,-1,-1,-1,-1,-1,-1,0.808,71.3,93.6,9418.7,0.771,0.936,0.894,0.759,6416.005532000001,0.0918964449783228
SLV,SLV.10_1,SLV.10.4_1,1.5427636383291192,76132.94887521505,-1,-1,-1,-1,-1,-1,-1,0.789,72.8,92.1,7581.4,0.797,0.921,0.847,0.722,6158.726707999999,0.0808943670117704
SLV,SLV.10_1,SLV.10.5_1,1.1735869412126911,143177.594518209,-1,-1,-1,-1,-1,-1,-1,0.77,70.9,90.7,7014.0,0.766,0.907,0.834,0.709,11743.414535,0.0820199178126749
SLV,SLV.10_1,SLV.10.6_1,0.380947307300802,16491.811629609707,-1,-1,-1,-1,-1,-1,-1,0.669,66.4,76.6,3921.1,0.689,0.766,0.704,0.612,1446.383502,0.0877031301644954
SLV,SLV.10_1,SLV.10.7_1,0.4799056473278392,24405.90206192466,-1,-1,-1,-1,-1,-1,-1,0.707,68.8,79.7,5266.2,0.73,0.797,0.73,0.662,1995.203039000001,0.081750841822507
SLV,SLV.10_1,SLV.10.8_1,1.197389616684411,77532.17621618058,-1,-1,-1,-1,-1,-1,-1,0.793,72.2,92.4,8474.5,0.786,0.924,0.851,0.741,6043.024094000001,0.0779421446542455
SLV,SLV.10_1,SLV.10.9_1,0.1735760703088303,429.3799712602899,-1,-1,-1,-1,-1,-1,-1,,,,,,,,,41.09596100000002,0.0957100092008895
SLV,SLV.10_1,SLV.10.10_1,1.314612870254462,116055.59212307056,-1,-1,-1,-1,-1,-1,-1,0.826,72.6,93.3,11939.9,0.794,0.933,0.888,0.798,13058.486385,0.1125192344988615
SLV,SLV.10_1,SLV.10.11_1,0.7869867692866099,56709.12422815408,-1,-1,-1,-1,-1,-1,-1,0.688,66.8,81.4,4409.0,0.697,0.814,0.734,0.632,4247.294510999999,0.0748961400622612
SLV,SLV.10_1,SLV.10.12_1,0.3695178741155037,41946.08285643841,-1,-1,-1,-1,-1,-1,-1,0.684,66.7,78.0,4605.9,0.695,0.78,0.718,0.639,2838.702257,0.0676750262167634
SLV,SLV.10_1,SLV.10.13_1,0.3828977980484797,12462.394634551518,-1,-1,-1,-1,-1,-1,-1,0.689,68.9,79.3,3890.5,0.731,0.793,0.725,0.611,819.575204,0.0657638622458446
SLV,SLV.10_1,SLV.10.14_1,1.5055519856801527,47625.71542239153,-1,-1,-1,-1,-1,-1,-1,0.778,71.9,91.8,6839.9,0.782,0.918,0.846,0.705,4731.580225999998,0.099349273476224
SLV,SLV.10_1,SLV.10.15_1,0.9607209103640908,82185.3060021942,-1,-1,-1,-1,-1,-1,-1,0.748,69.8,88.9,6037.7,0.747,0.889,0.812,0.684,6001.897179,0.0730288353351116
SLV,SLV.10_1,SLV.10.16_1,1.3932813408361302,267593.7038338396,-1,-1,-1,-1,-1,-1,-1,0.829,72.8,94.1,11996.0,0.797,0.941,0.891,0.799,36176.891539,0.1351933585158782
SLV,SLV.10_1,SLV.10.17_1,0.6860546827279733,16077.242293773295,-1,-1,-1,-1,-1,-1,-1,0.722,66.7,87.7,5646.9,0.695,0.877,0.798,0.673,1474.2736959999995,0.0916994139331336
SLV,SLV.10_1,SLV.10.18_1,0.8459023344193055,29119.30870991334,-1,-1,-1,-1,-1,-1,-1,0.757,69.0,89.0,7279.2,0.733,0.89,0.824,0.716,2513.954442,0.0863329025782865
SLV,SLV.10_1,SLV.10.19_1,1.1675942271907291,182292.870337646,-1,-1,-1,-1,-1,-1,-1,0.807,72.8,93.7,9055.8,0.797,0.937,0.872,0.752,16437.598389999996,0.0901713729097248
SLV,SLV.10_1,SLV.10.20_1,0.7041202241423159,199987.31544176195,-1,-1,-1,-1,-1,-1,-1,0.74,67.7,90.7,5988.1,0.711,0.907,0.827,0.683,8095.854293999999,0.0404818389412181
SLV,SLV.11_1,SLV.11.1_1,0.1161589233047068,17854.541014378083,-1,-1,-1,-1,-1,-1,-1,0.662,66.4,76.9,3211.8,0.69,0.769,0.717,0.579,1832.4217579999995,0.1026305720502346
SLV,SLV.11_1,SLV.11.2_1,0.2908972367961704,4581.4556646220135,-1,-1,-1,-1,-1,-1,-1,0.702,68.1,83.6,3918.5,0.719,0.836,0.776,0.612,511.1134559999999,0.1115613668264469
SLV,SLV.11_1,SLV.11.3_1,0.3929933344822305,6265.330544497047,-1,-1,-1,-1,-1,-1,-1,0.682,67.1,77.1,4263.0,0.701,0.771,0.717,0.626,636.000108,0.1015110222011527
SLV,SLV.11_1,SLV.11.4_1,0.0850835651030364,10001.82830419681,-1,-1,-1,-1,-1,-1,-1,0.656,67.8,74.2,2731.2,0.714,0.742,0.701,0.552,921.2079630000004,0.0921039568949066
SLV,SLV.11_1,SLV.11.5_1,-0.1609901039260632,6222.846927921789,-1,-1,-1,-1,-1,-1,-1,0.622,66.3,64.4,3421.5,0.689,0.644,0.587,0.59,670.919179,0.1078154720453751
SLV,SLV.11_1,SLV.11.6_1,0.2922456282287881,5071.510673554032,-1,-1,-1,-1,-1,-1,-1,0.68,68.3,77.75,3757.25,0.722,0.7775000000000001,0.715,0.6034999999999999,614.619561,0.1211906275195285
SLV,SLV.11_1,SLV.11.7_1,0.122382216501578,14011.11107528602,-1,-1,-1,-1,-1,-1,-1,0.712,68.0,83.7,4559.2,0.716,0.837,0.782,0.638,1702.804646,0.1215324492718889
SLV,SLV.11_1,SLV.11.8_1,0.5122529446460496,53147.1651116355,-1,-1,-1,-1,-1,-1,-1,0.717,68.9,80.0,5657.7,0.732,0.8,0.744,0.674,5296.761646,0.0996621670200877
SLV,SLV.11_1,SLV.11.9_1,-0.1154386752745045,6973.128702397004,-1,-1,-1,-1,-1,-1,-1,0.627,66.7,70.8,2398.3,0.694,0.708,0.658,0.53,660.937905,0.0947835517180119
SLV,SLV.11_1,SLV.11.10_1,0.4291328988361809,7240.751926319651,-1,-1,-1,-1,-1,-1,-1,0.708,67.8,83.0,4740.8,0.713,0.83,0.766,0.644,816.947286,0.112826305101056
SLV,SLV.11_1,SLV.11.11_1,0.0694638229061448,28349.892629676287,-1,-1,-1,-1,-1,-1,-1,0.636,65.5,71.1,3009.6,0.674,0.711,0.664,0.568,2302.945152,0.0812329408820867
SLV,SLV.11_1,SLV.11.12_1,0.484,4097.209967318596,-1,-1,-1,-1,-1,-1,-1,0.691,67.4,79.1,4463.4,0.706,0.791,0.731,0.634,471.65594,0.1151163703501076
SLV,SLV.11_1,SLV.11.13_1,0.1697841014059009,6787.564202545604,-1,-1,-1,-1,-1,-1,-1,0.684,67.7,80.4,3410.4,0.712,0.804,0.751,0.589,766.0687930000001,0.1128635796494852
SLV,SLV.12_1,SLV.12.1_1,0.2063569310825742,24159.084558998264,-1,-1,-1,-1,-1,-1,-1,0.691,70.3,77.1,4291.9,0.754,0.771,0.691,0.627,2412.714198,0.0998677823287539
SLV,SLV.12_1,SLV.12.2_1,0.7392086047677838,76348.25778305657,-1,-1,-1,-1,-1,-1,-1,0.752,72.3,84.7,6351.8,0.789,0.847,0.774,0.693,7266.388252,0.095174251030684
SLV,SLV.12_1,SLV.12.3_1,0.4077869068522488,50914.59626514005,-1,-1,-1,-1,-1,-1,-1,0.685,69.5,77.8,3626.8,0.742,0.778,0.712,0.599,4704.689977999999,0.0924035605330172
SLV,SLV.12_1,SLV.12.4_1,0.2642786049192725,17108.801511510395,-1,-1,-1,-1,-1,-1,-1,0.719,72.6,81.9,4233.0,0.793,0.819,0.74,0.625,1444.9829439999996,0.0844584550839431
SLV,SLV.12_1,SLV.12.5_1,0.6531353212019094,14601.060128842302,-1,-1,-1,-1,-1,-1,-1,0.681,69.8,77.5,3777.6,0.747,0.775,0.691,0.606,1050.720275,0.0719619168559173
SLV,SLV.12_1,SLV.12.6_1,0.1509502827164323,3105.8503782056064,-1,-1,-1,-1,-1,-1,-1,0.685,69.5,77.8,3626.8,0.742,0.778,0.712,0.599,271.876365,0.0875368520350537
SLV,SLV.12_1,SLV.12.7_1,0.4128622754491005,1315.3425120094907,-1,-1,-1,-1,-1,-1,-1,,,,,,,,,131.973213,0.1003337243303877
SLV,SLV.12_1,SLV.12.8_1,-0.1334264701768049,3186.179842645086,-1,-1,-1,-1,-1,-1,-1,0.625,69.6,63.3,2386.4,0.743,0.633,0.602,0.529,310.80547299999995,0.0975480005365852
SLV,SLV.12_1,SLV.12.9_1,0.2548041286315464,62308.23957451272,-1,-1,-1,-1,-1,-1,-1,0.698,70.9,70.7,5890.6,0.764,0.707,0.648,0.68,6267.080807,0.100581894943531
SLV,SLV.12_1,SLV.12.10_1,0.0110439116781847,2840.923387301999,-1,-1,-1,-1,-1,-1,-1,0.681,71.2,71.2,4189.4,0.77,0.712,0.649,0.623,431.833805,0.1520047344219686
SLV,SLV.12_1,SLV.12.11_1,0.7034420691421273,24355.11513886018,-1,-1,-1,-1,-1,-1,-1,0.725,69.3,87.7,4924.0,0.738,0.877,0.787,0.65,1709.0185310000002,0.0701708253587004
SLV,SLV.12_1,SLV.12.12_1,0.8265546697419852,253897.14488036727,-1,-1,-1,-1,-1,-1,-1,0.779,74.3,86.8,7176.7,0.821,0.868,0.804,0.713,26448.551830000004,0.1041703396958724
SLV,SLV.12_1,SLV.12.13_1,-0.0833068350631345,2629.9534125733235,-1,-1,-1,-1,-1,-1,-1,0.633,69.2,63.2,2996.6,0.736,0.632,0.594,0.567,308.93426,0.1174675789019843
SLV,SLV.12_1,SLV.12.14_1,0.1697266723519118,3943.83328838987,-1,-1,-1,-1,-1,-1,-1,0.634,70.2,65.9,2405.0,0.754,0.659,0.617,0.531,555.214134,0.1407803254854807
SLV,SLV.12_1,SLV.12.15_1,0.1923937162000212,16310.377890481372,-1,-1,-1,-1,-1,-1,-1,0.675,69.3,71.9,4233.8,0.738,0.719,0.66,0.625,1850.594538,0.1134611687372365
SLV,SLV.13_1,SLV.13.1_1,0.4761840300518096,49007.0604849984,-1,-1,-1,-1,-1,-1,-1,0.717,70.5,77.9,6364.7,0.758,0.779,0.7,0.693,4161.903022,0.0849245594575908
SLV,SLV.13_1,SLV.13.2_1,0.5569723971142448,44813.678276720006,-1,-1,-1,-1,-1,-1,-1,0.734,71.0,82.2,6393.4,0.766,0.822,0.743,0.694,3741.529768000001,0.0834907981642664
SLV,SLV.13_1,SLV.13.3_1,-0.086025327222322,9548.338943865514,-1,-1,-1,-1,-1,-1,-1,0.66,68.4,76.7,2721.5,0.724,0.767,0.704,0.551,670.4007300000001,0.0702112413416901
SLV,SLV.13_1,SLV.13.4_1,-0.240840477967677,11670.880084604876,-1,-1,-1,-1,-1,-1,-1,0.666,69.5,77.0,2693.7,0.742,0.77,0.707,0.55,871.8213269999997,0.0747005641973842
SLV,SLV.13_1,SLV.13.5_1,0.5319246785755368,78062.17711402693,-1,-1,-1,-1,-1,-1,-1,0.713,69.9,79.2,5390.5,0.748,0.792,0.725,0.665,6256.186824999998,0.0801436374988807
SLV,SLV.13_1,SLV.13.6_1,0.2444075207190056,27374.618452041454,-1,-1,-1,-1,-1,-1,-1,0.746,70.9,82.3,7627.3,0.765,0.823,0.75,0.723,2498.882039,0.0912846344645087
SLV,SLV.13_1,SLV.13.7_1,0.5344002432462696,50262.11087598854,-1,-1,-1,-1,-1,-1,-1,0.687,69.4,73.7,4631.1,0.741,0.737,0.681,0.64,3238.916171,0.0644405122377641
SLV,SLV.13_1,SLV.13.8_1,0.4507954921439199,9562.132149349482,-1,-1,-1,-1,-1,-1,-1,0.724,69.8,77.2,7298.4,0.746,0.772,0.71,0.716,816.8372240000001,0.0854241722705714
SLV,SLV.13_1,SLV.13.9_1,1.1539033949762876,7775.20075673778,-1,-1,-1,-1,-1,-1,-1,0.727,71.7,81.1,5404.6,0.778,0.811,0.737,0.666,724.250256,0.0931487531524358
SLV,SLV.13_1,SLV.13.10_1,0.8084979833353589,54304.76019820082,-1,-1,-1,-1,-1,-1,-1,0.749,71.4,83.2,7179.9,0.773,0.832,0.761,0.713,4332.988809,0.0797902208422523
SLV,SLV.13_1,SLV.13.11_1,0.3501489607834484,21483.161749539147,-1,-1,-1,-1,-1,-1,-1,0.68,68.5,78.0,4004.7,0.725,0.78,0.699,0.616,1689.7419889999996,0.0786542506498722
SLV,SLV.13_1,SLV.13.12_1,0.3675248979783586,13087.01763843266,-1,-1,-1,-1,-1,-1,-1,0.671,70.5,69.5,3582.3,0.758,0.695,0.657,0.597,889.826262,0.0679930513264417
SLV,SLV.13_1,SLV.13.13_1,-0.0073506414503554,9176.11401808487,-1,-1,-1,-1,-1,-1,-1,0.661,68.4,72.7,3482.7,0.724,0.727,0.666,0.593,773.51711,0.0842968067392692
SLV,SLV.13_1,SLV.13.14_1,0.0657387291744822,7086.169369516178,-1,-1,-1,-1,-1,-1,-1,0.708,67.8,83.0,4740.8,0.713,0.83,0.766,0.644,515.18383,0.0727027259913172
SLV,SLV.13_1,SLV.13.15_1,0.427306627909891,57969.94208697953,-1,-1,-1,-1,-1,-1,-1,0.706,71.4,84.1,3114.7,0.774,0.841,0.77,0.574,5696.50572,0.0982665415027122
SLV,SLV.13_1,SLV.13.16_1,0.8471295439499607,37815.94144993619,-1,-1,-1,-1,-1,-1,-1,0.799,74.3,90.6,8398.4,0.821,0.906,0.836,0.739,2593.501597,0.0685822300744115
SLV,SLV.14_1,SLV.14.1_1,0.5815142956080986,13161.587197958386,-1,-1,-1,-1,-1,-1,-1,0.666,70.6,70.6,3015.3,0.76,0.706,0.668,0.569,1526.8489509999995,0.1160079653035192
SLV,SLV.14_1,SLV.14.2_1,-0.0202211551685823,15836.482988249289,-1,-1,-1,-1,-1,-1,-1,0.671,70.6,68.1,4076.3,0.76,0.681,0.635,0.619,1754.144501,0.1107660395494113
SLV,SLV.14_1,SLV.14.3_1,-0.1920899992749919,2146.510155959704,-1,-1,-1,-1,-1,-1,-1,0.718,72.7,74.0,5066.5,0.794,0.74,0.704,0.655,273.741348,0.1275285594340038
SLV,SLV.14_1,SLV.14.4_1,0.1914335155633082,9992.506020589455,-1,-1,-1,-1,-1,-1,-1,0.653,68.5,68.4,3382.8,0.725,0.684,0.646,0.588,1120.058674,0.1120898673157795
SLV,SLV.14_1,SLV.14.5_1,0.2857430952011454,7880.302117717937,-1,-1,-1,-1,-1,-1,-1,0.705,71.9,73.6,4990.0,0.781,0.736,0.681,0.653,846.5572919999997,0.1074270096950489
SLV,SLV.14_1,SLV.14.6_1,0.6085518922829586,6659.63263521354,-1,-1,-1,-1,-1,-1,-1,0.685,69.2,74.1,4530.2,0.736,0.741,0.681,0.636,783.8714979999999,0.1177049157118957
SLV,SLV.14_1,SLV.14.7_1,0.3125507268527331,9613.642820612,-1,-1,-1,-1,-1,-1,-1,0.643,69.4,66.1,2779.6,0.741,0.661,0.633,0.555,1214.218805,0.1263016348388428
SLV,SLV.14_1,SLV.14.8_1,0.2461765728820875,61888.94244919212,-1,-1,-1,-1,-1,-1,-1,0.685,69.3,70.4,5114.7,0.739,0.704,0.658,0.657,5419.182739999998,0.0875630205581375
SLV,SLV.14_1,SLV.14.9_1,0.3334581555411571,21702.12320866229,-1,-1,-1,-1,-1,-1,-1,0.716,71.4,76.1,5687.3,0.773,0.761,0.701,0.674,2514.532995,0.1158657598071481
SLV,SLV.14_1,SLV.14.10_1,-0.2220331506453564,13968.249290348042,-1,-1,-1,-1,-1,-1,-1,0.637,68.5,62.3,3584.9,0.724,0.623,0.59,0.597,1357.09058,0.0971553808778126
SLV,SLV.14_1,SLV.14.11_1,0.3105063322183622,12275.192933738916,-1,-1,-1,-1,-1,-1,-1,0.662,69.3,70.4,3365.0,0.738,0.704,0.662,0.587,1494.1643520000002,0.1217222702783939
SLV,SLV.14_1,SLV.14.12_1,0.1064656509549547,6789.894806251612,-1,-1,-1,-1,-1,-1,-1,0.628,69.4,64.3,2308.5,0.739,0.643,0.62,0.524,736.5813889999997,0.1084820030380754
SLV,SLV.14_1,SLV.14.13_1,0.6267873571696367,11841.245605975866,-1,-1,-1,-1,-1,-1,-1,0.676,69.8,71.0,3995.3,0.746,0.71,0.667,0.615,1238.133558,0.1045610908851647
SLV,SLV.14_1,SLV.14.14_1,0.6734948926592248,8149.023152830442,-1,-1,-1,-1,-1,-1,-1,0.697,71.6,70.5,5215.8,0.777,0.705,0.655,0.66,694.75478,0.0852562039609235
SLV,SLV.14_1,SLV.14.15_1,-0.2345003862106048,9430.539602327872,-1,-1,-1,-1,-1,-1,-1,0.654,69.9,69.1,2946.2,0.748,0.691,0.649,0.565,718.7693399999998,0.0762172018049291
SLV,SLV.14_1,SLV.14.16_1,-0.0739390367491639,7482.579572468277,-1,-1,-1,-1,-1,-1,-1,,,,,,,,,837.7714979999998,0.1119629253369429
SLV,SLV.14_1,SLV.14.17_1,0.6194445701274339,5576.117446947257,-1,-1,-1,-1,-1,-1,-1,0.663,69.0,67.9,4229.4,0.733,0.679,0.633,0.625,521.4840320000001,0.0935209914356261
SLV,SLV.14_1,SLV.14.18_1,0.002104347960866,5899.857333576971,-1,-1,-1,-1,-1,-1,-1,0.652,69.1,74.1,2506.5,0.735,0.741,0.683,0.538,644.026811,0.1091597261741817
SLV,SLV.14_1,SLV.14.19_1,0.5099723589272448,23131.90974539405,-1,-1,-1,-1,-1,-1,-1,0.691,70.1,72.7,4314.3,0.752,0.727,0.692,0.628,2763.682281,0.1194748860521685
SLV,SLV.14_1,SLV.14.20_1,0.894,10900.986499461687,-1,-1,-1,-1,-1,-1,-1,0.712,68.5,77.7,6048.0,0.725,0.777,0.727,0.685,1020.337968,0.0936005166184167
SLV,SLV.14_1,SLV.14.21_1,0.2308984725167839,13409.772485602378,-1,-1,-1,-1,-1,-1,-1,0.74,71.9,81.2,5850.0,0.782,0.812,0.76,0.679,1675.810442,0.1249693418586528
SLV,SLV.14_1,SLV.14.22_1,-0.042514008280167,10619.756355149806,-1,-1,-1,-1,-1,-1,-1,0.658,68.6,71.9,3161.9,0.727,0.719,0.669,0.576,1169.5720239999998,0.1101317191173451
SLV,SLV.14_1,SLV.14.23_1,0.7319052785014845,65923.7894387709,-1,-1,-1,-1,-1,-1,-1,0.745,72.2,79.4,7022.5,0.786,0.794,0.738,0.71,6905.33238,0.1047472003473583
