ID,rwi_weight,pop2020,download_mbps_fixed,upload_mbps_fixed,latency_fixed,gdp_tot,gdp_per_capita,popDANE,pop60plus,pop60plus_ratio,pop_density
14828,0.3178985266159657,61200.38825638233,1.483,1.0235,76.0,158490000.0,3239.911688948853,48918.0,2594.454864308238,0.0423927843960642,14.510302564938652
12629,-0.1156243040145706,21294.833590149778,8.8245,1.11625,20.0,69390000.0,3425.313456412281,20258.0,2072.925384521484,0.0973440518211114,41.25153462357893
10057,0.5244207989822963,30382.400198449897,5.0365,0.79075,31.0,144180000.0,4684.667121551808,30777.0,2857.124084472656,0.0940387877788018,292.19506562681136
13209,-0.1964572642636585,22562.66593824628,5.194,2.501,28.0,216810000.0,8165.486592347092,26552.0,2505.5813369750977,0.1110498796477704,18.698058748762072
14362,0.1912693979237419,46777.94885136928,4.939,0.794,30.0,193050000.0,4416.306361951823,43713.0,4376.013671875,0.0935486437376551,85.22070795217273
11064,-0.3585037896485087,19746.63978253337,4.9455,0.76175,30.0,44550000.0,2377.648502962053,18737.0,1355.039401769638,0.0686212650198957,13.669682202818935
11753,0.6618585696861154,147788.89926781162,10.348,3.1675,22.0,665010000.0,5335.146453584924,124647.0,14637.003496050836,0.0990399385107185,251.0659949561643
10225,-0.4559514827508407,21121.936115596985,5.90875,4.1835,27.0,79380000.0,2651.125509318015,29942.0,2680.038222074508,0.1268841174126787,42.49008134633736
12212,0.2155031528823878,58000.20956357328,9.0825,2.07875,20.0,199260000.0,4678.453194336832,42591.0,6984.32493019104,0.120418960254542,257.0329455236478
14206,1.0383460451823583,471556.12888772174,20.252,4.865,22.0,1671840000.0,3104.4682996395723,538527.0,44559.52177810669,0.0944946296917209,3076.9085656081907
13821,0.1579080115398377,40952.77966259583,4.23675,1.1115,27.0,54810000.0,2560.0983994519524,21409.33333333333,4239.262936115265,0.1035158778242149,98.26092751950934
13625,-0.4112089980670794,7404.521216201844,8.466,1.731,26.0,23490000.0,2472.1111344980004,9502.0,731.7731323242188,0.0988278797450164,23.47414792497614
14401,-0.2622221507191018,34534.653463001814,5.0235,0.82175,31.0,112860000.0,3797.953964194373,29716.0,4126.88643348217,0.1194998651978207,16.5655925970185
11485,0.8991124785833926,72334.13742184668,11.943,4.20675,16.0,164835000.0,3888.305714454208,42392.5,5891.9757080078125,0.081454979875495,465.4811404191404
13059,-0.0475424969469051,21454.650400238977,6.6175,1.96,28.0,45360000.0,2928.3408650742413,15490.0,1829.39859199524,0.0852681613481272,45.16844912621561
14200,0.5563972915980336,37072.21353026835,7.42475,3.41625,28.5,313200000.0,6307.013834350269,49659.0,2255.439805984497,0.06083909190216,146.78498661059427
13868,0.3822990213269387,84970.69537517896,8.4465,2.688,29.0,363960000.0,3911.697691414816,93044.0,8119.676818847656,0.0955585544286309,62.741887846032185
12788,0.249553983892427,68294.23507984474,9.31825,3.0535,22.0,268380000.0,4573.307886306318,58684.0,5675.222324371338,0.083099581066195,98.92775494636116
10980,0.5865312340688004,9477.789878079118,5.064,0.793,32.0,32130000.0,3263.917106867127,9844.0,1826.20241355896,0.1926823064291313,238.29372597890182
11307,0.3319919438662906,14759.426963030528,5.7995,0.951,27.5,43470000.0,2889.908256880734,15042.0,1586.8329048156738,0.1075131784445547,55.16057974594234
10350,-0.0273262512121719,19670.404702904296,5.3225,0.813,29.0,52110000.0,3215.475749722325,16206.0,1422.0164008140564,0.0722921781372448,95.92325821993661
12675,0.9386206681115628,99140.29321580498,14.8915,4.441,19.0,369630000.0,4620.375,80000.0,14566.186729431152,0.1469249914131684,1468.1412605733974
14223,-0.24996472588333,19833.76237133923,4.745,0.736,33.0,87750000.0,3773.382068372393,23255.0,2607.0543842315674,0.1314452767669985,10.600421009542876
13692,-0.0031076802248145,18044.76361556797,6.25375,0.772,28.0,119610000.0,6187.150837988826,19332.0,2309.6471877098083,0.1279954249839648,96.69256328979974
11007,0.2105250879315024,66809.06085191914,4.584,1.193,34.5,212760000.0,4020.028341993386,52925.0,5897.104636907577,0.0882680367260121,33.80936564462759
11373,0.2982643028357396,40157.88904817531,10.231,4.70825,15.0,177120000.0,2897.810935506037,61122.0,1878.8968124389648,0.0467877385234306,93.14937899890928
10836,0.3781998681531964,33171.60317758575,5.18475,2.288,22.0,91530000.0,2539.46674805094,36043.0,983.1151885986328,0.0296372527832157,504.7054478437285
11663,1.306084742772745,250413.7585310492,22.65975,5.072,14.0,2485080000.0,10524.91593044038,236114.0,25887.60804462433,0.1033793358499288,5257.394853792748
12842,0.1630269351103584,25313.17018952475,5.3545,1.484,30.0,102060000.0,4156.722192807396,24553.0,3310.3378944396973,0.1307753185260691,110.24265376196162
11866,-0.1589108719409324,27814.621541938992,5.03,0.74,27.0,59400000.0,2875.538558357942,20657.0,95.336035490036,0.0034275510578595,20.725837576523208
12042,0.6392867565250955,65846.48078978166,14.385,4.17,15.0,598050000.0,11249.576765358715,53162.0,1633.2396068572998,0.0248037493768498,781.4086390352951
11044,-0.1174045001071666,17845.952991121067,5.309,0.773,30.0,94500000.0,9615.384615384615,9828.0,1083.6398038864136,0.0607218793205136,45.15810458409577
13400,0.5167272191788146,100833.1315618256,8.692,2.92275,15.0,369900000.0,6515.306302180576,56774.0,4349.019704818726,0.0431308602386521,619.6720977283419
10949,0.2427687112735973,8994.237754089332,4.478,0.788,30.0,104220000.0,12192.325690219934,8548.0,944.0165576934814,0.1049579278982561,108.4294931568674
12360,1.207536348328757,283786.9502959027,21.86075,5.033,15.0,2197260000.0,7742.446986194212,283794.0,14466.875860214232,0.0509779461146107,11868.33040927163
13527,-0.3555545414139628,27593.45779904527,4.872,0.7485,31.5,69390000.0,2530.72686823006,27419.0,2989.46545600891,0.1083396462226762,12.665979568844962
13493,0.119467680416988,21867.398830380866,5.171,1.731,32.0,58320000.0,3977.6292456690767,14662.0,1518.5739250183103,0.0694446530562438,90.55418045515908
11896,0.2069219657599347,12648.206865984515,6.725,2.09225,28.0,37935000.0,4326.281576096254,8768.5,1220.5904960632324,0.0965030465579931,69.9054929465415
11590,0.408388641706977,46685.62854547403,10.4755,4.823,14.0,244890000.0,3668.9839091481135,66746.0,4325.139139175415,0.0926439093555851,340.7490731505592
11490,0.9171187040353778,18717.511017237168,17.495,4.95225,14.0,524070000.0,7111.240772904906,73696.0,296.1817398071289,0.0158237780404868,496.1981343196625
11070,0.0459172818804975,24267.17606624248,9.338,2.521,18.0,70200000.0,3196.2846605654963,21963.0,2495.425359725952,0.1028313040179933,118.65850878466948
10323,-0.0797790748476862,11687.9629890681,5.85975,1.789,26.0,28350000.0,3449.744463373084,8218.0,802.7935180664062,0.0686854945397473,27.063511089632158
14218,0.4781405931644927,60569.47308526044,15.2995,4.994,16.0,314010000.0,4729.137487010346,66399.0,8066.0044984817505,0.1331694678460825,522.8498876437623
14111,1.3192806394391448,2136067.2873225394,17.833,4.98,16.5,16193250000.0,6520.21606212088,2483545.0,224663.4214744568,0.1051761912219824,5802.413547289325
11768,-0.3755125145401791,13542.54892936381,5.282,0.786,31.0,65610000.0,4621.724429416737,14196.0,234.3509635925293,0.017304789874851,11.026610140321223
10444,-0.3388859272364673,51087.3855293978,4.495,1.61675,35.75,138240000.0,3195.783341424509,43257.0,6130.903207063674,0.1200081613794015,42.76686422584748
13973,0.2360511257593202,21029.81004623991,5.282,1.349,27.0,146070000.0,6817.0999206608485,21427.0,1489.6013526916504,0.0708328486760625,139.08455658335714
14016,-0.0087196459477977,13486.517525073365,4.938,0.7325,31.0,21060000.0,2425.9877894251813,8681.0,507.2434387207031,0.0376111503787145,113.42820824069214
14852,0.2092247340646836,25985.7289963758,5.294,2.286,22.0,53730000.0,2896.495956873315,18550.0,1782.2821426391602,0.0685869595148834,72.08314455307305
11112,-0.1162118196483229,19493.45441854422,4.739,4.268,28.0,209520000.0,7209.662434190151,29061.0,2260.0465774536133,0.1159387417400796,9.919797705983079
14420,0.7738700995368945,57918.86560818928,10.0235,3.122,15.0,143640000.0,5939.218523878437,24185.0,2777.822892189026,0.0479605887135376,212.6905758719029
11972,0.6680001169159242,153764.31459311454,15.864,5.1635,15.0,657450000.0,7906.8424945429615,83149.5,9970.64394378662,0.0648436795635617,700.3127840951577
11535,1.080922881955855,61706.08338400493,23.759,5.125,13.0,908550000.0,10628.304711992889,85484.0,8846.497899055481,0.1433650851570433,2811.70473098665
11860,-0.0530247474482215,19803.54453537938,4.433,0.795,33.5,72630000.0,3986.7164342957512,18218.0,4613.189713001251,0.23294767786442,43.4231279641905
12056,-0.0108402344399855,18454.43752497939,5.9395,0.8,30.0,140265000.0,6506.70315906666,21557.0,2483.73623085022,0.1345874794335133,23.701975305228878
10202,0.2265307292128324,11227.865161651844,5.2995,0.805,30.0,59400000.0,3781.031190324634,15710.0,1223.3394775390625,0.1089556616441486,72.85657690378379
11806,-0.0647255101954699,23123.43446022581,4.667,0.775,32.0,57240000.0,2785.5370091002,20549.0,921.2278094291688,0.0398395753456847,72.24327906594158
12501,-0.0243991829382983,12064.632752170011,6.303,0.852,32.0,33345000.0,2515.0852315583043,13258.0,1160.6229648590086,0.0962004388115545,26.71787263439515
11516,0.0951950183446891,27767.961109603108,6.5475,0.852,27.0,205200000.0,9141.533389762551,22447.0,1160.8415527343748,0.0418050698123787,126.22557784122205
13303,-0.3499229977608543,38510.624546309424,4.356,0.742,35.0,73170000.0,2317.6332710398783,31571.0,2378.5859718322754,0.0617644091690074,52.345939725432295
13634,-0.1121445484924801,15456.929997490231,4.862,0.786,30.0,60480000.0,3868.9866939611056,15632.0,1423.5643310546875,0.0920987758426695,41.10762386603832
10080,-0.2523903705711233,17356.82666282021,6.628,0.839,28.0,54000000.0,2507.778758185111,21533.0,1910.3959426879885,0.1100659688432689,39.385675317427015
14949,0.096273914582825,22738.0326852172,6.813,1.881,23.0,79380000.0,3566.358163356995,22258.0,1947.787628173828,0.0856620999335687,108.88242533854635
14228,0.1921391677460194,34374.31770382754,9.3445,2.739,29.0,36540000.0,2567.213114754098,14233.333333333334,2748.184112548828,0.0799487610554905,137.5241388367688
10720,-0.1254376145214301,19057.855368781347,4.983,0.773,28.5,111510000.0,4192.420482743063,26598.0,2409.748260498048,0.1264438318933542,42.00532747350569
11226,0.1609832377236037,36831.13571377179,6.60825,0.77825,27.0,261630000.0,7043.857523624909,37143.0,4091.167586088181,0.1110790505588027,41.40458370874495
13067,0.1690317870929408,47940.324110645655,4.80775,2.6945,28.0,264330000.0,6831.644784451566,38692.0,0.0,0.0,38.53682495797
11176,-0.0921904913395749,41304.25366525538,5.754,0.82,28.0,225180000.0,6187.283618178821,36394.0,3952.380012512207,0.0956894184444954,31.18045376917209
10574,0.1807411243728943,19551.771136016738,5.061,0.774,31.0,48600000.0,3177.9245406395085,15293.0,0.0,0.0,101.89047602900445
10857,0.0649077038232424,10720.152787052715,5.235,0.865,29.0,67770000.0,4185.14172790712,16193.0,778.4912395477296,0.0726194164404031,41.658028673048605
11104,-0.0070791166181779,32620.1237647642,4.6815,0.737,31.0,85050000.0,3090.8165861104044,27517.0,2827.3295776844025,0.0866743976225634,18.216912899047117
13451,0.0880458966340431,151762.86314749188,5.28,1.941,30.0,626670000.0,4912.554384039509,127565.0,17598.384034991264,0.1159597524058843,41.46425577227668
14281,-0.0089051982877185,44451.34339102176,4.476,0.747,31.5,152550000.0,5004.26453221362,30484.0,2233.7993774414062,0.0502526854541045,16.510069352089268
11666,-0.3739920787606317,19824.025794077446,4.9045,0.756,32.0,36720000.0,2632.2580645161293,13950.0,1935.585712432861,0.0976383774183309,36.286711985959364
12556,-0.1204240148660786,11521.766955297742,6.08,4.6895,25.0,35910000.0,3015.1133501259446,11910.0,1769.4374656677246,0.1535734468968869,21.223131683961547
14546,0.1380316497464297,14930.668963575345,5.005,0.85,31.75,40095000.0,5025.695663073452,7978.0,1347.708869934082,0.0902644665970382,101.4494048212934
14379,0.185295735295281,39151.38213402954,5.48575,0.82125,27.0,164700000.0,3910.627789913572,42116.0,4346.203079223633,0.1110102081286679,52.18470225372814
12781,-0.202121604209457,24298.834818292216,5.3325,1.88,28.0,63450000.0,2752.711496746204,23050.0,3.8441340923309326,0.0001582024043982,26.569039058925792
12947,0.2619291668618513,15493.29132512517,6.0905,1.84225,34.0,253530000.0,12919.38442723196,19624.0,1989.037797927856,0.1283805846148566,8.30837716513589
10683,0.0628606163749444,33125.65055667819,4.962,1.795,30.5,116640000.0,4626.735422451408,25210.0,3408.111032009124,0.1028843501859027,31.65845343080435
12445,0.0679139207366706,130874.78831134584,4.736,1.56,31.0,579690000.0,6309.551020408163,91875.0,8076.693523541093,0.061713135339153,22.499008111454458
13675,-0.2429153804886248,33632.11693144008,3.721,2.295,27.0,344520000.0,6450.839777557249,53407.0,1811.449203193188,0.0538606953254198,30.274828167772355
13180,-0.2821191661048358,38130.06299501719,3.91425,3.60625,25.5,84240000.0,4285.060277735389,19659.0,2450.352543890476,0.0642630080157666,21.957184406063963
11452,-0.351630286060907,35539.69231822793,3.819,2.807,35.0,19710000.0,4204.351535836177,4688.0,2410.0209257900715,0.0678120931439239,7.608071795481468
10277,-0.0725502359291848,54587.18411434184,5.6195,4.07875,21.0,141750000.0,2374.49118046133,59697.0,3768.407668054104,0.069034659493711,59.47972598773791
12094,-0.3524521027543308,70400.24701915606,5.2085,3.65375,21.0,300780000.0,6435.035621830941,46741.0,4246.480332672596,0.0603191112598954,12.837270890411661
10518,0.3649704413237145,59330.17446725773,3.201,0.93,39.0,207630000.0,3196.815963294277,64949.0,4684.247863769531,0.0789522010651528,423.96355534047063
12552,1.1606962249333868,1246891.8757153538,13.145,4.513,32.0,7498440000.0,6032.262424219021,1243056.0,107542.0081845522,0.0862480623052053,1024.6922856630886
12823,0.502870813016377,59218.2806111091,10.4885,4.614,15.0,248670000.0,3869.747899159664,64260.0,5525.7446365356445,0.0933114669914789,551.6385885177972
11895,0.204333235981429,16612.165804144264,10.5815,9.8265,17.0,45900000.0,2089.117473032634,21971.0,1421.7576599121094,0.0855853280465946,82.41498865667003
14568,0.224016035702302,26860.182416353666,15.27675,7.492,26.75,51840000.0,1766.389532506474,29348.0,2504.1155548095703,0.0932277940631167,90.3304307010919
10958,0.5946636794667911,114496.03251173772,6.307,1.114,37.0,512730000.0,3813.026147484904,134468.0,9455.059907913208,0.0825798038630195,1025.006715533793
12779,0.7970154168070194,48111.27195609523,19.69825,5.38625,19.0,80190000.0,2990.546159727013,26814.5,4019.9205405712128,0.0835546510647164,590.9808133343515
13547,0.546182370079378,31323.613509063725,5.093,2.467,34.0,73980000.0,2185.0079744816585,33858.0,2797.087984085083,0.0892964658523744,943.171225604479
14432,0.503430745712676,95615.31358164531,4.7445,2.84475,37.0,85680000.0,2342.1995024739617,36581.0,8134.661315917969,0.0850769715770668,209.9024305490641
11783,0.547425345813165,37036.145846227606,5.04575,2.595,35.0,66420000.0,2140.7161504496084,31027.0,4040.424865722656,0.109094096413226,581.1286492434585
10564,1.153272049080031,702279.5289270459,9.88,3.509,18.0,1775790000.0,2783.086362674649,638065.0,57146.6270904541,0.0813730498136029,13276.605448565142
10329,-0.2836629294819701,53115.05941036083,5.871,2.00125,39.0,76140000.0,3093.864282811865,24610.0,5466.646039009094,0.1029208307341693,34.02080775462862
14502,0.5229712246276819,72825.08904454022,10.6285,4.648,28.0,183600000.0,2555.7860155630106,71837.0,8049.560375213623,0.1105327913885621,129.19921137562287
11244,0.898747756561251,1052216.812746182,16.269,4.968,23.0,6085530000.0,6063.187155332599,1003685.0,88279.33268547058,0.0838984243704206,1334.0722363342347
11570,0.2063386456687199,127919.9591480599,6.73,1.9095,38.0,35640000.0,2563.4755088829747,13903.0,10365.30125105381,0.0810295853757784,90.83093197028592
10370,0.028584270645681,55215.69134433467,5.063,3.73,30.0,169830000.0,2377.639021112169,71428.0,4968.200477600098,0.0899780543653349,65.65483941189103
14084,-0.1209898622037406,31838.27408724728,16.9625,5.23,20.0,83700000.0,2926.3687853996225,28602.0,2465.331428527832,0.077432948211075,65.88603510196351
11048,0.2194396562937771,46672.79257468225,10.4635,3.759,32.0,105840000.0,2233.4296988752662,47389.0,2245.2198829650874,0.0481055398468488,97.44344396426717
11498,-0.2634605846137795,64719.19536708358,5.08725,2.4135,33.25,63045000.0,2021.9043648375607,31181.0,1639.6791076660156,0.0253352826524781,20.164721136745776
12378,0.1092422268803375,16303.82055180766,7.832,3.026,31.0,62370000.0,2573.869263783427,24232.0,1108.1738815307615,0.0679701961886408,35.88923516105837
13844,0.0811282944335008,23417.641828391614,4.9585,2.866,34.0,89910000.0,2380.7758506553687,37765.0,2378.7418937683105,0.1015790535699592,35.26896189282112
12460,0.3273191964460487,24501.650716791097,13.8395,8.3225,29.0,35640000.0,2416.7627314029974,14747.0,726.4943313598633,0.0296508320911616,134.40183074092147
12787,0.1206704868046102,23974.116063755067,4.161,3.04975,35.0,93150000.0,2764.012937301564,33701.0,4441.284629821777,0.1852533214576479,9.400820416172417
10954,-0.3462153673953706,46878.69959227066,4.8525,4.725,29.0,85320000.0,4567.940893029232,18678.0,4069.3057174682617,0.0868050042527034,25.645484854594873
11119,0.5841986762055876,76915.94802038651,19.4625,4.698,19.0,293220000.0,2670.175662262209,109813.0,6380.768345832825,0.0829576766594829,404.7821271624423
14541,0.1054444222594626,11489.558460235916,5.0615,5.488,14.5,112050000.0,7247.736093143596,15460.0,1438.763422369957,0.1252235607964707,12.517917357822114
11817,0.0656524518786497,5823.541374035234,4.319,3.2725,18.0,19440000.0,2815.1473463181524,6905.5,763.3680330514908,0.1310831303534707,37.00352642691924
11760,0.1181451028709468,6459.363333228782,4.209,2.145,21.0,6750000.0,4253.308128544423,1587.0,968.654106616974,0.1499612355963852,101.2696595881164
13075,0.484752984761566,53738.22165795112,6.0075,3.43225,19.0,246240000.0,4312.358802823068,57101.0,7312.51330947876,0.1360765779713292,407.05524295217594
10046,0.3776958841765857,42480.30999561639,10.817,3.997,21.0,40500000.0,3082.1917808219177,13140.0,4912.093745470047,0.1156322481162904,223.37980962948822
10181,0.4808281000536645,17185.58422062459,5.239,2.858,29.0,17820000.0,7063.020214030916,2523.0,2572.781981945038,0.1497058202337641,265.7447524515967
12110,0.3284050028093325,15295.0275152398,5.135,3.6965,19.5,17550000.0,4668.794892258579,3759.0,0.0,0.0,453.11521538041404
14176,0.6203648754610666,100209.45346963122,9.401,3.604,28.0,645030000.0,5169.338034941497,124780.0,14417.66190290451,0.1438752672897655,350.4220858136864
12111,0.050439674138765,10818.081465570209,6.3995,2.728,23.0,8640000.0,2666.6666666666665,3240.0,494.5500392913818,0.0457151335812495,107.79562282271033
11815,0.0093650162958732,3033.6385827923964,4.258,4.154,15.0,54540000.0,3005.9523809523807,18144.0,2503.145926475525,0.8251299085771236,14.82289326078312
13143,0.0782514790572186,9740.187683531896,15.48,10.057,12.0,23760000.0,4170.616113744076,5697.0,1129.3869531154633,0.1159512516401465,59.07555480332856
12775,0.5636946795857648,31136.356104211955,6.61075,2.53725,17.0,87480000.0,3833.311423688708,22821.0,2614.620746612549,0.0839732413729318,143.84027987364155
11845,0.6346943310424487,31635.80162470716,8.90075,3.54575,27.0,391230000.0,24093.48441926345,16238.0,1470.641441166401,0.0464866185030648,606.9655375302206
12191,0.5705739234385421,34391.1835019182,21.569,6.467,18.0,11070000.0,3873.33799860042,2858.0,6370.031862258911,0.1852228162460188,623.2553841941843
14289,0.1415196993091963,26344.707186249954,4.8415,0.78,34.0,184410000.0,5395.733973139831,34177.0,1704.5573382377625,0.0647020794798364,62.22940595284828
13311,0.1178484750998828,87108.11798497732,5.12325,0.8325,27.0,651780000.0,13692.857142857143,47600.0,11483.42506980896,0.1318295623352739,59.48536678768673
11381,0.061915666930419,12321.6787304613,4.739,3.08425,23.5,30240000.0,3799.949736114602,7958.0,1938.375809550285,0.1573142630929248,58.382613784549065
10429,-0.247360327928222,18085.936245650133,3.76675,2.1945,25.25,56700000.0,4130.244755244756,13728.0,1088.9476318359375,0.0602096356553198,62.67530035561782
10458,0.0212045125240963,13462.38071330912,7.40225,2.173,12.0,15930000.0,3193.0246542393265,4989.0,1285.5259175300598,0.0954902364526928,131.95219093554064
10773,0.35413910165353,19621.027768701177,5.077,2.415,24.0,34020000.0,2576.2968572510413,13205.0,814.6339473724365,0.0415184136618935,258.2067437655409
11781,,8736.37408855093,7.1355,3.6535,13.0,24840000.0,3250.032709668978,7643.0,1080.73273229599,0.1237049514297123,118.63448545324138
12179,0.4022555717946031,4313.205900610403,4.04275,2.8695,21.0,39420000.0,4916.438014467448,8018.0,618.9809188842773,0.1435083168175856,23.515483873132357
12799,0.5252759795608075,71791.56734343164,9.494,3.141,26.0,817290000.0,6318.63374205619,129346.0,11928.69855117798,0.1661573774272718,340.8806825850371
11148,0.0121854731026941,4504.509326865764,5.2,4.409,16.0,35100000.0,5694.354315379624,6164.0,391.7538150548935,0.0869692538360167,41.96461086773811
11424,0.3934398144762243,9608.246730221026,4.538,3.067,21.0,18360000.0,4346.590909090909,4224.0,1333.110408782959,0.1387464795829917,285.91885625005625
10657,0.6353058529380016,146807.61763666046,14.59925,4.9455,21.0,1028970000.0,5834.916386442638,176347.0,17971.222856521606,0.1224134220405322,653.231459318962
14097,0.1135401395995205,15795.8049712567,6.1685,1.751,26.0,84780000.0,5325.37688442211,15920.0,1424.1178379058838,0.0901579780515979,84.57856799233986
12589,0.3004699867598796,18610.91388854371,5.456,2.895,25.0,71550000.0,4305.831377504965,16617.0,2274.6652113199234,0.12222211251647,162.17545329361687
11910,-0.03,10784.88011229212,5.563,4.9215,16.5,10260000.0,3642.172523961661,2817.0,1165.838357448578,0.1080993340037046,177.31030280112503
10166,-0.0514019083385268,15356.564030155598,5.57775,3.1685,27.0,98820000.0,4313.965163487143,22907.0,2189.5217056274414,0.1425788803620321,30.12296053180324
10289,0.1757361977363057,26426.168073525725,5.652,3.78,17.0,119340000.0,3278.121137206428,36405.0,2801.658569335937,0.1060183436940559,132.33878968714768
11612,-0.0172017844943582,27123.210172412728,6.676,4.599,27.0,380160000.0,7342.823479419775,51773.0,1051.2118377685547,0.0387569108186814,213.26349402809254
11861,-0.2101753059891211,18834.00660819728,4.9755,2.5605,28.5,316980000.0,4343.857918105575,72972.0,1642.482521057129,0.0872083436745879,31.759182703692613
12249,0.7658905548609639,391273.1636195263,17.678,5.0025,24.0,2032020000.0,4611.854528288183,440608.0,50489.88560581207,0.1290399912397477,868.8460597486858
14270,0.3082955096402295,16069.887077437088,7.35,3.7945,22.5,55080000.0,3093.513058129739,17805.0,1869.7260131835933,0.1163496671864472,92.11313931535369
13781,0.033,13027.58650626765,4.89025,2.956,21.0,35910000.0,2686.2657091561937,13368.0,0.0,0.0,156.753924728828
14834,0.0237149665973441,40459.24905966855,6.564,3.12,25.0,71280000.0,3387.832699619772,21040.0,3227.160530090332,0.0797632335027023,97.81656186875144
14062,-0.0584780051653538,17420.759115138106,9.24,2.887,36.5,77490000.0,5066.030334728033,15296.0,1373.6455764770508,0.0788510745942979,59.46264474245878
13088,-0.0037460681803652,9959.004327323946,4.8385,2.5285,38.0,54675000.0,4068.080357142857,13440.0,0.0,0.0,100.53152172294224
12974,0.3793414129515429,19366.374670042293,9.515,4.966,22.0,53460000.0,2702.5933977048685,19781.0,2900.869415283203,0.14978897520611,33.32306180947855
13007,0.0851837885229276,21064.10264087552,5.358,3.236,23.0,65340000.0,6140.977443609023,10640.0,851.9334106445312,0.0404447996275582,95.70117045660237
14866,-0.0195289644417487,14760.975655891143,5.205,2.4185,25.0,41850000.0,2750.575090371344,15215.0,1889.753616333008,0.1280236252932781,38.685871197349236
12041,-0.0299462185025438,41634.49438672052,8.229,4.129,20.0,56700000.0,2818.651819447206,20116.0,2865.6403465271,0.0688285132013301,39.641636791345114
11819,0.1964794037462111,58209.292056845145,7.62275,4.961,19.0,82620000.0,2846.903966093518,29021.0,5965.056350708008,0.1024760161123888,513.4818042754555
10913,-0.2379056807926441,8807.873203693776,5.972,3.789,28.0,29430000.0,2869.819600195027,10255.0,916.4210815429686,0.1040456714520648,16.405458568677307
10968,0.0790959101060017,44455.62648088316,10.4545,3.918,25.5,159840000.0,2414.902778407288,66189.0,2017.7959814071653,0.0453889899015338,99.61913654989281
14121,0.0588570463371622,6805.8287683377785,8.6625,17.256,19.0,128340000.0,9727.394456936408,13193.666666666666,481.5156199634074,0.070750475269599,20.885946644600473
13104,-0.260210824166371,9841.349483929813,7.973,4.995,19.0,18630000.0,1678.0760223383174,11102.0,708.6473188996314,0.072007128702908,10.444706026173773
13021,-0.1223874981706913,32663.21674500201,8.18825,6.377,21.0,39150000.0,2033.132530120482,19256.0,2304.63399797678,0.0705574719100324,18.681145349892624
12876,-0.1455046760397617,13180.112983806688,7.1025,4.795,23.0,27540000.0,1508.9584132376308,18251.0,1044.4847753643987,0.0792470274456425,18.137995577903993
12681,0.4766435281482301,169402.06657803484,9.8435,4.9885,34.5,281475000.0,3198.2524514538286,88009.0,11942.0220618546,0.0704951380056129,83.06033801047943
12039,-0.2448383861363455,30045.036062528343,8.4005,10.63,23.5,83025000.0,4230.89662904171,19623.5,2198.0934257805347,0.0731599529854437,10.906059983465182
13229,-0.343072588569738,116043.52672796788,6.461,5.361,21.0,153360000.0,2965.5412460842326,51714.0,8226.975877553225,0.0708956036543004,6.3833850598702835
14460,0.2625975267187572,76470.32653122471,4.421,1.709,27.0,498690000.0,13293.79148561832,37513.0,3797.9095317721367,0.049665140768313,52.579704401844374
13738,0.1920075765586029,23329.14120152052,4.214,1.899,24.0,57510000.0,4712.7755469966405,12203.0,1309.1942858994007,0.0561184089285752,4.52625091971658
11126,-0.4646118106759089,11873.371193557225,4.8885,3.1405,23.25,160650000.0,9254.565355147186,17359.0,1150.128784880042,0.096866236735202,3.0339389431877506
14494,0.1789191247404152,20354.305536510616,4.871,2.456,16.0,62640000.0,3519.6943305051414,17797.0,2085.2886531353,0.1024495112051258,27.84745018753452
14951,-0.1519577614906179,18311.180279521723,4.213,2.037,27.0,62100000.0,7106.889448386359,8738.0,1004.3139137625694,0.0548470332568208,17.217027996033245
10198,-0.0758662810917722,12724.132079295565,3.869,3.81225,23.0,234900000.0,18770.97650631293,12514.0,777.8228149265049,0.0611297344352595,2.6458655011690437
11770,-0.3376861655703165,29131.850670459607,5.1675,2.24975,27.0,225720000.0,6123.545210384959,36861.0,1933.8635454773903,0.0663831339571699,2.3037432930404314
10214,-0.3660732851621821,10042.457135852368,4.805,3.0985,19.0,61830000.0,5152.070660778269,12001.0,664.0428074598312,0.0661235391375628,12.599729845319118
12991,-0.1270977154931501,5653.189672299454,5.145,2.96625,18.75,85680000.0,2342.1995024739617,36581.0,718.0033648014069,0.1270085396779826,11.26316334161484
12193,-0.5577297144676209,53537.280401085125,6.741,4.432,19.5,123660000.0,14760.085939365004,8378.0,2965.1769194304943,0.0553852735368006,16.288467994543716
12354,-0.2461906777226185,31771.43325424133,4.363,2.1235,27.0,690660000.0,28253.63059930456,24445.0,2749.3052572011948,0.0865338757367572,12.839425941015012
10469,-0.0363920240821228,52781.63127233761,5.349,3.42325,22.0,111240000.0,8332.58426966292,13350.0,3444.4303437173367,0.0652581259935884,17.112737648135067
12641,0.4789652267850887,24479.175259441312,4.8245,2.0235,19.0,156600000.0,6449.952119608308,24279.25,407.4565863609314,0.0166450291744931,32.00718965352639
10148,0.6773554680914352,237286.3414614043,15.332,4.957,27.5,1405620000.0,8096.423017107309,173610.0,15243.626758992668,0.0642414842131657,92.75548189932431
10300,-0.2070857142857143,8700.204160445463,3.893,3.722,28.0,27000000.0,2065.746856749381,13070.333333333334,1744.7426376342771,0.2005404247369919,21.220623815455475
14311,-0.3811945349680642,44845.23449755424,6.0755,3.854,27.0,54810000.0,2560.0983994519524,21409.33333333333,4453.314827203751,0.0993040816287096,47.445492244478125
14292,-0.0959950075001335,54282.77561296477,7.261,0.957,34.0,80190000.0,2525.351136864647,31754.0,5682.788005828857,0.1046886041043117,96.08505776250165
10162,-0.330768977559347,44666.83776229926,6.04,3.069,31.0,72900000.0,1717.7596079078207,42439.0,3600.708590507508,0.0806125701055708,63.7601702154439
12393,-0.1757418146698231,68175.74594147979,4.173,1.696,39.0,68580000.0,1676.854613917551,40898.0,4557.952447652817,0.0668559233890193,153.05531260549853
11470,0.0693615472443295,48912.53204174814,5.498,2.83775,37.0,505710000.0,16777.02949275122,30143.0,11054.444569826126,0.2260043409813841,113.41004512897489
13715,0.2084048174335762,35411.46939557947,4.6455,3.37,27.0,60210000.0,2375.897719201326,25342.0,3424.1274843215942,0.0966954363308357,113.0704308959289
14544,-0.2360026261835564,51927.59209543599,4.44475,2.862,33.25,87210000.0,2571.580219974641,33913.0,2222.9407492876053,0.0428084696321396,16.551974406243332
12717,0.0365142125101663,30144.79918338068,5.468,2.7235,26.5,44550000.0,1613.0200224483146,27619.0,2692.00987458229,0.0893026308852121,13.049319810210598
11414,-0.2669685987595905,27915.313745808235,5.0235,0.879,38.0,47790000.0,1638.3270483373328,29170.0,3681.6461842656136,0.1318862548990139,35.655534878953176
13770,0.0287462282503996,18369.47517455968,5.849,4.5625,25.0,40230000.0,1756.6918475175758,22901.0,1613.68910497427,0.087846228029917,25.45264455893555
11803,0.4443293444850088,26104.87458190841,5.068,2.9915,30.5,206010000.0,6491.979957772665,31733.0,3149.1998291015625,0.1206364665426919,171.25729218507587
12568,-0.2942198049146011,18996.68787176616,5.709,2.754,33.0,63045000.0,2021.9043648375607,31181.0,3106.7200269699097,0.1635400890903342,47.32902891016534
10281,-0.3291257580911846,31842.082166562497,5.6305,0.865,36.0,44820000.0,1809.666087939597,24767.0,973.6787935495375,0.0305783644567063,23.690909596674434
10556,-0.1323055841829944,30664.22470846081,6.544,4.159,27.0,77760000.0,2091.2782723287523,37183.0,2702.4743292331696,0.0881311807139056,40.167085870075795
10427,0.6744446036239269,298374.84541453427,12.90975,4.4095,37.0,1313550000.0,4079.4618483125305,321991.0,28670.216990470886,0.0960879156908792,610.4855142989466
14631,0.5511506658530898,52822.313348392265,10.177,5.695,26.0,201150000.0,4829.763734152901,41648.0,2490.6805214881897,0.0471520530549425,522.0928545477426
10104,0.4065503024637754,100293.98879444983,9.354,3.25725,39.0,493020000.0,4410.272924885275,111789.0,8344.96047091484,0.0832049913581325,191.416476619398
12926,0.01174795530426,32538.28169501882,6.83425,3.0555,28.0,56700000.0,1503.4603452390422,37713.0,6857.713101923466,0.2107583051311923,50.11527748807656
11935,-0.0216828168399435,31129.82029896675,6.8615,2.70375,29.0,21600000.0,1534.1998721500106,14079.0,4801.527957737446,0.1542420711595568,65.45129422569308
10190,-0.0863263416557464,28255.235304972703,3.94875,1.97975,32.0,75870000.0,2113.664855829503,35895.0,518.2716608047485,0.0183425002556441,92.50792205100726
13175,-0.1756136429732003,32133.39959173793,4.0085,2.0415,33.0,52380000.0,1454.353620613061,36016.0,4057.083158254624,0.126257514293563,70.2023565386833
12689,0.1254141685249379,28902.078320402296,4.604,2.198,32.5,40500000.0,1611.170784103115,25137.0,1828.7550163269043,0.0632741699767648,50.49662589160748
14126,0.5401441736626108,88011.98893518368,7.022,1.375,41.0,240840000.0,2102.139322155208,114569.0,5868.390778720379,0.0666771748908225,93.53904041051257
10650,-0.0744392114335718,28914.60222877508,6.4505,2.48575,47.0,543240000.0,8641.511835072537,62864.0,2614.889831542969,0.0904349231870358,16.93736488920404
14204,-0.2891854540785491,17607.707406198402,4.14175,2.2785,42.0,37530000.0,1820.3424358539069,20617.0,0.0,0.0,29.740272120499007
10376,0.0114632958643845,12805.303206083723,8.96275,5.6145,37.0,633420000.0,28099.547511312216,22542.0,814.018798828125,0.0635688812461222,8.846451456544159
10094,0.2708070760074552,35389.27491393909,6.814,1.344,36.5,76140000.0,1820.442319187089,41825.0,0.0,0.0,57.502165635032064
12057,-0.2287051520509914,27202.44401970244,4.79075,4.761,39.75,67500000.0,1913.86203181264,35269.0,0.0,0.0,17.838296526310316
12028,0.3544608462749324,15972.84763252704,4.464,3.182,36.0,58590000.0,2038.409351842188,28743.0,495.62890243530273,0.0310294641154659,13.41588487308155
14258,0.2770790725976608,21175.727682955945,3.707,3.205,30.0,71280000.0,1845.819198798457,38617.0,1372.4209213256834,0.0648110394067036,25.41430389502036
14974,0.1274211242713391,27863.10546674511,4.51275,4.0625,21.75,106380000.0,3436.379494137029,30957.0,2511.6011085510254,0.0901407458529217,26.91917088949262
12461,0.3281106214928894,19886.713222591417,4.771,2.7215,38.0,231930000.0,5891.7820398831445,39365.0,1985.304054260254,0.0998306775000374,21.761454863483763
11915,-0.0704104629124462,19702.868728589623,6.78575,5.04,23.25,28350000.0,1834.0018113598137,15458.0,1288.7656936645508,0.0654100532982033,49.01853967323929
13024,0.0154269836995938,12308.836327425528,6.369,6.7185,31.0,96930000.0,5427.819464665696,17858.0,733.2766571044922,0.0595731909661245,14.958374779733939
10822,0.2984356974129486,17941.570528820608,4.32725,2.7775,41.5,966870000.0,19711.12288999429,49052.0,1199.5234489440918,0.0668572155942104,23.27763635101709
11474,0.2765972150465199,37380.38617125518,9.534,3.708,41.0,43200000.0,2565.396834822887,16839.5,2486.6889610290527,0.0665238970415257,24.578235772681275
13719,0.2066154812276605,15254.15969114321,3.93225,3.604,30.0,40770000.0,2125.31929312412,19183.0,1089.4771728515625,0.0714216446471403,33.03040003121065
13506,-0.1014274095191122,14479.861234885955,5.821,3.91,29.0,43200000.0,2003.338898163606,21564.0,1126.2498779296875,0.0777804330898035,33.33621691807425
11749,-0.2291793519248399,7526.97960029798,4.34775,2.93075,20.75,50760000.0,2926.323071601522,17346.0,597.8129377961159,0.079422686062873,20.99467892017044
10084,-0.1022127396907992,24221.823394039315,3.91375,2.6995,23.0,111780000.0,4072.2795001639406,27449.0,1891.6478648185728,0.0780968399465782,26.005646502728066
14073,0.0354174039929161,14491.246620889968,3.8605,2.58775,30.0,212625000.0,7817.957862999596,27197.0,944.1574945449828,0.0651536420050933,17.995130469510073
11734,-0.167673984712491,23022.335700594936,4.425,1.8705,50.75,38070000.0,2411.0196326789105,15790.0,827.957275390625,0.0359632179010068,32.927869074461924
11765,0.6033711452115038,477856.3306040554,15.14675,5.1115,38.0,1491480000.0,2903.491439306189,513685.0,35352.454312324524,0.0739813455388059,92.44455752611988
13829,-0.0302133027522936,8456.052990506012,4.976,4.784,40.0,18360000.0,1303.5143769968051,14085.0,504.5341731309891,0.0596654460062457,10.092037572473137
10339,0.2134171688647908,9800.576838340994,1.38575,1.75075,82.0,9450000.0,925.8352111296168,10207.0,598.0555295944214,0.0610224826006933,8.887354046369172
10699,0.5700955223880602,15302.332374148831,4.5505,2.52,21.0,33750000.0,2707.798459563543,12464.0,1556.860870361328,0.1017401029003545,16.92234636337441
14775,0.086589427199113,33056.37637794231,6.29375,2.0595,30.0,79110000.0,2573.603565503107,30739.0,382.989818572998,0.0115859589143762,29.41508733072326
13869,0.3720907633225396,192679.02316896152,4.87,0.8195,43.0,412560000.0,3172.51349563987,130042.0,10494.250350952148,0.0544649343678147,27.816163101107602
12254,-0.3991035120062444,32022.920866099725,2.81725,2.01875,31.75,113535000.0,2145.631159701027,52914.5,2200.951838493347,0.0687305148614138,3.2187433746690166
10858,0.218,20006.444060815687,4.1215,2.8765,20.5,40770000.0,2274.476987447699,17925.0,1325.999755859375,0.0662786326160008,27.144802646993163
11597,-0.1312198009232509,69208.95081505502,5.016,1.2125,33.0,165510000.0,3517.223792421956,47057.0,6287.563866496086,0.090848998466949,31.27832534611681
14151,0.4991339265755843,87021.89561500479,11.8975,5.094,31.5,253260000.0,2361.750937202753,107234.0,7744.385284423828,0.0889935254764606,347.56896907703367
10020,-0.2274338357076578,61177.22211556874,5.982,1.033,36.0,73980000.0,1530.947995778408,48323.0,8542.796203613281,0.1396401455998647,103.02002327366007
10938,-0.1571690037234249,66724.23687647338,5.546,0.7955,38.0,218430000.0,3648.34393946986,59871.0,4871.3786697387695,0.0730076340739146,102.17705105509164
13202,0.1306538875380065,110970.53477728464,8.226,4.088,32.0,526230000.0,6271.511655622825,83908.0,14086.923754692078,0.1269429203253297,45.10991443239126
11703,0.3568588193620509,441714.95056892507,10.41225,3.156,32.0,1430460000.0,2867.469299880928,498858.0,38714.7356262207,0.087646423505377,141.39429211952236
10989,0.0378903208909202,59080.10149982141,5.29125,0.8495,35.0,136080000.0,2110.912898472039,64465.0,5470.56559753418,0.0925957379668807,56.92742281575164
14405,-0.3158592016739535,44206.18684552948,4.955,0.786,35.0,64800000.0,1794.41736818786,36112.0,3297.607826709748,0.0745960704150448,48.232889318802094
10175,-0.159856441899341,54606.00522265851,5.085,0.773,45.0,105840000.0,2470.8766195867865,42835.0,0.0,0.0,38.439395975889504
12255,0.2526790951120271,18715.953112229166,9.00225,5.554,31.0,21600000.0,1240.5950261329044,17411.0,1677.738525390625,0.0896421633101001,162.88233778058142
12582,-0.1995210707737485,71330.59482515256,6.876,1.801,35.0,58590000.0,1215.1819973037436,48215.0,6997.9970703125,0.0981065290071697,245.21534812356066
14521,-0.2000879480542448,9181.991513629517,5.542,1.075,35.0,44280000.0,1282.7346465816918,34520.0,237.0265995264053,0.0258142908512351,38.09363186724893
10956,0.1399830727854548,311049.6730635342,6.6205,0.839,38.0,258120000.0,2366.944210101603,109052.0,22645.80670166016,0.0728044703555582,347.5232717046673
12326,-0.1387574114482082,48209.74141948934,5.161,4.1765,30.0,47250000.0,1275.234805138724,37052.0,3953.375342607497,0.0820036620443124,130.9867361244608
12034,0.0150716689798785,47278.27617647353,5.1605,0.98825,38.0,60480000.0,1152.4170652236048,52481.0,3462.904472351074,0.0732451508897076,94.79680760928824
13990,0.0657567980299748,127886.0073481116,8.33,2.644,33.0,300240000.0,2618.387316205327,114666.0,9623.1640625,0.0752479826530615,126.2189893293943
12133,0.011460949827891,118018.74913649895,4.553,0.756,50.0,300780000.0,3204.116199546196,93873.0,10933.08366394043,0.0926385319615222,22.75258151070492
10719,-0.2552624886910798,45230.49329498839,4.612,3.114,39.0,65070000.0,1805.393707341435,36042.0,2347.346155166626,0.0518974254792555,47.50232637523962
10873,0.1521385920035867,9936.57076839883,10.6,3.233,18.0,32670000.0,2730.235667725221,11966.0,0.0,0.0,128.86855460204063
12170,0.093847445432907,5427.446077589921,10.766,6.005,15.0,39150000.0,4865.469458770895,8046.5,644.770902633667,0.118798214374887,80.55797549402656
11210,0.3418070299090171,10882.865106256795,8.6345,5.4,19.0,136890000.0,8938.295788442703,15315.0,785.2093849182129,0.0721509802107883,90.11403576110207
11733,-0.0522348655319042,11405.310613602607,8.3735,5.2025,17.0,46710000.0,3298.495868935809,14161.0,1433.1083445549011,0.1256527238149653,93.87333470215118
11364,0.0246259482152194,6231.773500459738,10.81525,4.945,21.0,35640000.0,4214.260376019865,8457.0,577.0674591064453,0.0926008397230536,57.244283692350635
14540,0.5190132103778451,12081.33230922754,8.57825,2.7825,28.0,48600000.0,4618.015963511973,10524.0,1308.4473223686218,0.1083032308753935,156.87567626774137
12400,0.8729907716730984,81478.81169785553,18.0055,5.3355,23.5,456030000.0,5190.062140076935,87866.0,11238.87289428711,0.1379361414347051,1636.7097101119955
10561,-0.2546593941751855,15450.065894070864,15.5975,9.715,16.0,46440000.0,3652.666352052855,12714.0,1915.911231994629,0.1240066705948407,25.6763740255013
10704,0.264454442594789,15969.05188205759,10.6805,3.2365,15.5,100710000.0,5761.441647597254,17480.0,1710.709451675415,0.107126551050756,134.17542005103843
14256,1.0219164669161165,251291.7755218536,21.166,6.1775,17.0,858330000.0,6074.178390466215,141308.0,18775.033372163773,0.0747140782191297,3056.630704026182
14164,0.024416903164849,14244.145107368537,10.536,4.9785,16.0,20520000.0,2105.0471891670086,9748.0,245.5838623046875,0.0172410390692837,118.12668799490635
13574,-0.0533325326568241,15108.097906894003,10.29625,1.941,22.0,38880000.0,3467.4039061803264,11213.0,2939.1451539993286,0.1945410449490244,69.2484303784879
10751,-0.0894350504931228,29434.09585176632,6.497,0.863,28.5,101250000.0,4725.787631271879,21425.0,5643.788066864014,0.1917432115219987,90.69013620926569
11018,0.6090538868353067,61676.83464632839,10.65925,4.742,25.0,171180000.0,7351.19814480804,23286.0,8014.249134063721,0.1299393715650225,476.7931853262866
13805,0.4650004635688366,28727.369200288715,17.782,6.597,13.0,813780000.0,23285.452672542066,34948.0,7863.105112075805,0.2737147650818223,533.0979732577661
12754,0.2334609165171777,22808.50571976405,7.718,3.897,18.5,104220000.0,4160.97736255839,25047.0,1527.1738891601562,0.0669563323403877,187.31953602461766
12384,0.5310012844167031,136920.25066731902,13.617,4.9215,21.0,844290000.0,5704.62361740799,148001.0,14184.265889167786,0.1035950914494883,867.3750749607722
10047,0.157900312946033,10497.305252576632,9.114,2.155,23.0,95850000.0,7750.464947036468,12367.0,592.1180775165557,0.0564066742149101,21.73517813206573
14885,1.0841438514808932,229774.360951631,15.96875,5.034,26.5,791370000.0,7962.510187449063,99387.0,16001.009336471558,0.0696379233531624,3241.6210035754953
11912,0.6617792594306894,138617.98907140852,14.886,4.9535,26.0,514080000.0,3507.737656595431,146556.0,14230.48106241226,0.1026596992045634,445.3447616651394
14835,0.4146567391202961,29740.455164006133,6.777,0.902,27.5,66150000.0,3621.879106438896,18264.0,2173.0443572998047,0.0730669502304647,672.4530593104228
10508,-0.0583428510934516,14443.18221237604,7.1765,1.0235,25.0,23760000.0,2815.4994667614646,8439.0,1209.1450748443604,0.083717359309382,40.341472387141515
12274,0.93343785271687,72943.75108810895,11.947,3.4915,35.0,438480000.0,4160.980840584936,105379.0,9150.892743825912,0.1254513595382903,678.3472768414182
12174,0.1599084406295629,13381.422257857634,6.50225,1.886,23.0,67230000.0,4889.810168012219,13749.0,984.9094219207764,0.0736027458772129,73.2076424820611
13452,0.3664028311030092,56114.99028450176,8.688,4.79625,21.0,113400000.0,3558.3168596441683,31869.0,5491.399152755737,0.097859754139036,70.36330089983376
13773,0.158921456165526,18261.69673444175,7.939,0.918,28.0,45900000.0,2839.2923419522454,16166.0,1663.027919769287,0.091066451488749,55.45419044873472
14571,-0.072971496083578,5850.6380589092805,6.949,0.8585,29.0,21870000.0,3333.333333333333,6561.0,596.6374416351318,0.1019781835122375,41.33438675169162
13812,0.6167709995149201,195355.43465913323,11.572,4.653,20.0,141750000.0,4509.735301603461,31432.0,11574.445669412611,0.0592481375786055,552.8077080564332
14816,0.2630848949085314,34555.09910195201,7.60925,4.22975,18.25,316440000.0,9181.48846656028,34465.0,3251.6390132904053,0.0941001211918596,216.9694138799491
11492,0.2385434194626513,14452.559176083996,7.89,4.332,19.5,58050000.0,2740.016992353441,21186.0,792.5219368934631,0.0548360970010711,88.19211696970618
10626,-0.2734470455503299,8694.061221519918,7.268,0.9905,26.0,69660000.0,6682.655410590944,10424.0,1051.3383255004885,0.1209260320019566,58.892122515221615
13429,0.5770553397618453,73573.75629730892,14.4825,5.67525,29.5,460890000.0,3838.606777882349,120067.0,8215.204806089401,0.111659445154493,609.1954289338311
10397,-0.118147942324479,13342.206020695652,5.784,3.187,20.5,25110000.0,3113.839285714286,8064.0,663.7548980712891,0.0497485121307309,8.064689418898901
10505,0.4766037563545673,42655.62243625772,12.0515,5.1895,19.0,351405000.0,4579.939265186961,76727.0,8304.25868177414,0.1946814559835243,443.72666024931124
10566,0.0997603113126919,19579.68539268249,6.566,0.944,28.0,38070000.0,2745.1687337755984,13868.0,705.1320152282714,0.0360134497100653,193.41560896514346
12653,0.3680221522757978,44702.64340566297,9.9125,3.2575,21.0,43470000.0,3799.493051306704,11441.0,4515.729858160019,0.1010170655274484,214.4609866599965
14295,-0.0059142843734896,22263.819307851,17.273,9.694,11.0,84780000.0,3384.9716521600258,25046.0,2039.49755859375,0.0916059158760128,55.754150943044564
12311,-0.0098491451267179,8903.459471455932,6.367,3.828,20.0,30240000.0,5876.408861251458,5146.0,1100.11398935318,0.1235602849521686,87.97513492527514
10234,-0.174194470105744,8561.825490718527,7.641,4.292,17.0,79110000.0,9004.097427725928,8786.0,709.8645629882812,0.082910421820418,10.886149838262115
14639,0.6905253557584734,61086.65046441373,7.906,3.69,24.0,77760000.0,4842.446132768713,16058.0,6816.552177429199,0.1115882459687359,105.99405264231537
11000,0.1697927589455062,8769.151846182645,10.7665,2.559,19.0,23220000.0,4486.0896445131375,5176.0,0.0,0.0,42.76043921477342
13801,0.5563508695911565,46917.18960887143,11.836,4.0725,26.0,48330000.0,2882.189820198587,16768.5,2977.590333938598,0.0634648059434398,314.5911012263714
12441,0.1574917075800221,8988.243101112483,9.7995,2.691,22.5,45900000.0,3719.611021069692,12340.0,1128.8516159057615,0.1255920209552457,99.1564073682471
14944,0.2175126604831662,13170.9243479838,9.908,4.6915,17.5,22410000.0,2964.677867442784,7559.0,945.933364868164,0.0718198161249758,105.17277187783199
10684,0.9772252067077786,8207095.253194719,20.8495,6.049,16.0,65940480000.0,8684.525260603004,7592871.0,697932.7427098751,0.0850401660000468,4910.768346330641
12308,0.1684587589486502,9826.025583643195,9.6855,5.15075,18.0,65070000.0,5860.050432276657,11104.0,781.8826751708986,0.0795726276626485,96.73428357247874
14386,0.0471205966678055,64332.90102394792,6.547,0.8485,29.0,85860000.0,7124.128775307003,12052.0,5334.231857299805,0.0829160782802898,443.0840432843879
10749,0.5279166644615826,24430.30789033973,9.388,1.351,23.0,249480000.0,7107.28733405504,35102.0,2647.8919792175293,0.1083855345214279,228.69403358516695
13239,-0.0660284083818826,16343.425757517783,6.981,3.0775,19.0,97470000.0,4322.394678492239,22550.0,1870.0293731689453,0.1144208932028068,92.32973965963807
14506,-0.0783665624129548,7066.109664996303,3.6835,2.764,22.0,51030000.0,3789.825473449685,13465.0,0.0,0.0,65.43795587241684
12046,0.5671559037598026,330118.0314554174,10.50775,3.27575,22.0,1577070000.0,2223.4926883187927,709276.0,34701.459102630615,0.1051183388851543,1292.2716103017813
14389,0.6229106053917051,61509.23461938444,10.28,2.033,24.0,250020000.0,9106.206293706293,27456.0,5024.054949998856,0.0816796856778891,506.5439176137656
11258,0.3100547672961251,47931.10827827909,12.2295,5.3145,17.0,51030000.0,3153.3090279923376,16183.0,4462.48153924942,0.0931019894916905,164.04660608805267
11736,0.3391236596687209,43328.24989434163,6.634,0.891,27.5,78300000.0,4373.812981789744,17902.0,3066.791451454162,0.0707804136777438,227.93344940705185
11395,0.3891654379045611,35659.56221396064,15.3565,8.011,13.5,58320000.0,2537.527737893225,22983.0,4066.207187652588,0.1140285223709414,478.2674599030493
13873,0.2302371077489407,12999.497828249529,8.48325,3.809,21.0,42930000.0,4265.275707898659,10065.0,1122.646273612976,0.0863607416567527,156.28645814213195
10509,0.4550801046036111,29882.112495003068,19.8705,7.31,14.0,343710000.0,14910.203019260802,23052.0,1540.591520309448,0.0515556428805717,292.9791808638579
12074,0.1362788149857997,17668.272550725073,10.3075,3.88325,19.0,59130000.0,3664.476945959346,16136.0,0.0,0.0,66.56712641667825
10189,0.3996849264375873,45903.318238225605,7.694,0.943,27.0,1200150000.0,27897.48953974896,43020.0,5690.1500062942505,0.1239594483510742,681.655954354701
12310,0.4440388220318818,29264.550709917057,5.798,3.47,27.5,134460000.0,3001.2053033346724,44802.0,3632.7573699951176,0.124135080904012,259.47025794465844
13817,0.0677758647132869,18249.071899285784,7.857,1.0175,25.0,129600000.0,7282.535401213756,17796.0,1413.4140625,0.0774512846626089,90.5282222809784
14836,0.5313793200177972,20474.46938941336,9.361,4.98975,16.0,100710000.0,3598.585006789109,27986.0,2037.5377807617188,0.0995160236882748,137.05578944894626
10549,-0.1673402718966053,11061.19122062566,10.812,3.366,14.0,62100000.0,4597.2756884809005,13508.0,947.4422225952148,0.0856546283033722,55.147640016977206
13190,0.465374281366791,7731.623073743369,8.495,4.789,18.0,25380000.0,5248.138957816377,4836.0,1145.3014545440674,0.1481320860601077,137.15317966346427
14088,0.2903697894007113,94396.42310105907,11.37675,5.466,23.0,426600000.0,3076.723354537193,138654.0,6743.993538856506,0.0714433165718208,493.38476399046846
12264,0.4274364928447319,39867.05019706534,1.4705,0.92875,78.5,83700000.0,2561.7482324855387,32673.0,1898.034178853035,0.0476090949661671,1.6785052794079562
11807,-0.0604478926601547,113185.80472572628,5.12825,3.01675,22.5,143370000.0,2638.727844956104,54333.0,4877.963677853346,0.043096956280637,4.63695063573952
11840,-0.2291530063595931,31994.16765397854,4.264,2.871,31.0,89640000.0,3579.014613111874,25046.0,2825.703571945429,0.0883193337768875,60.91813120607883
10349,-0.1123135122547928,12568.240553271637,5.292,0.93775,37.0,27540000.0,3106.248590119558,8866.0,140.78622817993164,0.0112017451912378,49.83520822668913
11814,-0.1509665820118151,24105.288808388614,4.9485,3.133,17.0,79920000.0,3552.3157614010133,22498.0,2016.333984375,0.0836469540109105,28.39314840461102
10921,0.1556606321135363,30796.94776221615,5.708,3.654,30.0,120420000.0,3860.234011860875,31195.0,2896.385986328125,0.0940478260602699,79.16506269229268
13843,0.2433015632315386,94865.97381379222,4.971,2.4245,25.0,175500000.0,2394.5314631883425,73292.0,7401.052167892456,0.0780158772461411,173.92619322009233
13135,0.0962462702537285,36106.4150283959,4.835,1.5855,32.0,118800000.0,4822.60290655192,24634.0,3305.538498878479,0.0915498948394305,51.17541615707235
11248,-0.0823914043736389,33706.52563550263,7.79475,3.8895,19.0,29340000.0,3016.0361842105262,9728.0,4164.074998319149,0.1235391343311036,74.83192606063508
10285,-0.1528358079204762,34056.76128772097,4.6865,2.48875,25.0,64800000.0,2544.8690256450536,25463.0,3072.8671973347664,0.0902278161852893,73.16695295013072
12411,-0.1392843782221708,69205.67857148133,5.326,1.0945,32.0,168480000.0,2729.0839880132826,61735.0,1938.9241962432857,0.0280168367143543,55.765909623895375
12509,0.8281113221520237,349722.8619639553,8.9655,1.932,35.0,1692630000.0,4688.0894283047455,361049.0,31103.26826286316,0.0889369030328616,235.3241786152376
11524,-0.0145419773148345,21982.310101382616,4.968,3.216,20.5,29700000.0,2521.43645470753,11779.0,2029.9178511202333,0.0923432451711505,84.17965027671998
12590,-0.0125161459099624,20212.83375081348,5.70075,4.08,24.0,159030000.0,5980.819857089131,26590.0,1575.5562438964844,0.0779483106287892,29.406687534716962
11916,0.2029851274338693,134236.54467380248,4.699,1.4235,34.0,474660000.0,3746.862221941554,126682.0,11698.133532345297,0.0871456693165933,187.37808858155518
12880,0.2136646850891333,32658.773664415745,4.829,4.2205,25.0,112320000.0,4536.89865492588,24757.0,3278.6859951019287,0.1003921956406559,62.41375209443693
14251,-0.3613510144127481,19427.48452836384,3.07075,2.54825,40.5,63990000.0,2864.1124339808434,22342.0,1601.7390381097791,0.0824470628593868,62.21387375025473
12899,-0.0730304385485639,17515.500182334297,5.022,2.404,23.5,41850000.0,2379.5985671234434,17587.0,1672.7516080737114,0.095501218387175,44.682183784495564
13013,0.0708437305157057,17601.65904889699,8.9405,4.784,24.0,46980000.0,3989.808917197452,11775.0,679.6378440856934,0.0386121468548888,26.611029642965786
12253,-0.280833010379058,13824.41027488077,5.381,0.921,36.0,27000000.0,3348.214285714286,8064.0,0.0,0.0,20.045395423474247
14268,-0.2052159000172209,16911.402055929142,5.9755,0.867,37.0,44010000.0,4069.3481276005546,10815.0,878.1895980834961,0.0519288463002156,32.52254580954789
10255,-0.1893052233611873,24158.58446149937,5.6915,4.737,24.0,62640000.0,2857.533871629944,21921.0,2057.764352947473,0.0851773561578848,117.32880430317694
13795,0.3106345280381062,22741.98754540011,5.8795,3.941,19.0,26730000.0,3688.422795639575,7247.0,3741.59782719612,0.1645237831445788,34.77716361421061
13446,0.0252012193109759,7328.436195690683,5.872,0.938,37.0,121500000.0,15629.019809621816,7774.0,600.5355834960938,0.0819459387323621,35.160293271748245
10128,0.5714351707408168,76677.7633265699,3.796,1.126,42.0,840510000.0,22612.59079903148,37170.0,5822.373508214951,0.0759330118096626,87.49692869633468
10447,0.0110426903794189,28199.87922748365,2.9345,0.948,43.0,55620000.0,1271.953896816685,43728.0,1399.8156604766846,0.0496390657982826,40.75299930256264
14135,0.336806673047818,189482.3733129516,4.964,1.576,47.0,418230000.0,2338.675404849244,178832.0,13217.745597720146,0.0697571249853913,79.495441704671
10325,-0.2293532353929335,283410.3787794764,15.085,5.398,38.0,89910000.0,1011.5772774833766,88881.0,18702.32088214159,0.0659902469439695,143.2533992082348
11428,0.1922077409113208,280365.9114382114,5.423,2.945,39.0,613980000.0,3136.599794632868,195747.0,20461.435861587524,0.0729811828999651,47.34548140736387
13378,0.3437809614464048,41334.45273801329,3.297,1.947,34.0,69390000.0,1434.0628681257365,48387.0,2183.3902254104614,0.0528225265071068,37.05399353548053
13291,-0.3897944245214336,243144.8876694413,5.0965,1.9625,39.0,212490000.0,1195.0060456092006,177815.0,17369.984032690525,0.0714388206932207,29.88841339846976
11370,0.1605300915599175,18050.21247492208,5.459,1.909,53.0,18090000.0,1627.676804030952,11114.0,268.4344177246094,0.0148715378335604,36.036618746034655
14249,0.6548324863823733,38463.47417950414,6.953,3.951,43.0,156600000.0,6449.952119608308,24279.25,2923.606075286865,0.0760099324788698,116.4268374659281
10582,0.370657518285006,95738.12165344282,5.81575,1.878,42.0,80190000.0,1969.0124244954084,40726.0,3762.023115158081,0.0392949334098701,47.64225847447296
14320,-0.0919717346362319,41654.57146052536,6.208,3.809,33.0,70200000.0,2258.905299739357,31077.0,2639.439422607422,0.0633649400308614,24.143325285940435
14202,0.3710149742478764,29393.49949372429,10.385,2.874,24.0,15390000.0,1556.9044006069803,9885.0,1802.919454574585,0.0613373530075764,101.35543926816904
13889,0.2283964135539805,183030.75296024,17.8035,9.345,38.0,360990000.0,2952.0382712515843,122285.0,15022.639159202576,0.082077131390406,99.85334638863031
14047,0.0980518901815097,46981.71452222488,4.27125,2.899,19.0,97470000.0,1437.3774166433177,67811.0,0.0,0.0,56.977161661398966
10063,-0.0546891657782907,29632.7622452866,5.189,1.8995,40.0,135000000.0,1965.609120426319,68681.0,383.3876647949219,0.0129379658103221,26.276476648958
13150,-0.2966368832989092,31196.37180677695,6.736,6.051,33.0,179145000.0,8603.84698508753,20821.5,0.0,0.0,54.369304007528264
11862,-0.0408014950342844,47996.87136728154,15.484,5.151,36.5,78570000.0,2056.644766117844,38203.0,3062.045654296875,0.0637967760620373,21.2653485589183
11268,-0.1795378655153394,77045.24375244332,4.824,2.249,42.5,114480000.0,1816.3932345381272,63026.0,5210.995021820068,0.0676355186643797,28.770156052957123
10402,0.3564899464959053,27199.420417474907,4.657,2.7085,32.0,18630000.0,1539.16060806345,12104.0,3493.029203414917,0.1284229277610172,96.94584529241904
11611,-0.3169821377568358,64938.623648008055,4.438,2.552,35.0,44280000.0,1719.611650485437,25750.0,4024.3475914001465,0.0619715566072609,28.3810282276797
13146,0.7397240344628455,524946.7579997218,12.203,4.38975,37.0,1637820000.0,3142.1670289444955,521239.0,39901.04524803161,0.0760096993456482,210.16750718263955
11532,0.615465230800431,68788.09800408805,9.829,3.67375,23.0,1625940000.0,18041.14331365674,90124.0,5972.3599853515625,0.0868225777226261,69.71267939760367
12996,0.0172369723241687,11717.573828083408,4.983,2.48025,21.0,860220000.0,56645.59462662979,15186.0,911.9636650085448,0.0778287108226149,20.637352449075397
14357,-0.2023697422238789,10231.44727104269,6.949,5.101,14.0,97740000.0,4246.980099070132,23014.0,1783.1483821868896,0.1742811485950382,26.664471776919882
14601,-0.3449432013180142,8444.677922667195,4.318,3.702,14.0,34290000.0,4500.59062869143,7619.0,559.2585678100586,0.0662261572236991,11.613033499536044
12137,0.3434430346719755,57309.04599986244,4.2925,2.913,16.0,102240000.0,3517.1891842304426,29068.666666666668,5019.761754274368,0.0875910890976342,246.9948079587232
13401,0.1017888269942315,9668.88604280948,4.8295,3.211,16.0,179145000.0,8603.84698508753,20821.5,477.44924926757807,0.0493799644709481,12.507536251519001
10390,-0.4551367402630026,55943.0167401982,2.764,3.13875,52.25,63720000.0,2314.2296796687733,27534.0,4547.213167279959,0.0812829452583405,5.032811086984819
13332,-0.2532481922553303,10101.970864634995,4.213,3.021,15.0,85320000.0,7579.957356076759,11256.0,207.70354390144348,0.0205606952034055,10.31568954159016
12182,0.1180251114907439,16482.20077693541,4.829,3.394,24.0,2767230000.0,64841.24938491459,42677.0,1292.5617432445288,0.0784216720047053,0.9704801662346899
11272,-0.010953939511707,28987.0904049147,4.22925,2.6065,19.0,279450000.0,9222.467905349658,30301.0,2172.685944020748,0.0749535711818932,5.138230242622563
12700,-0.6226724741061067,21334.97012306161,3.797,2.023,23.0,83025000.0,4230.89662904171,19623.5,1455.4894223213196,0.0682208324607887,5.205761537320694
13279,0.5461881624805585,107677.73694374468,14.9435,5.042,23.0,91800000.0,5436.939204595931,16884.5,5883.587928771973,0.0546407093589439,187.77949807172408
14148,-0.1850337962154327,22232.142328173963,4.239,2.928,20.0,122580000.0,9730.115891411337,12598.0,1165.8017234802246,0.0524376691310961,15.29634485453348
14422,0.0302021056233521,8589.002248033019,4.968,2.8835,14.0,20250000.0,2885.026357030916,7019.0,886.5338037014008,0.103217321185872,5.038003176711525
10017,0.212120535712503,29462.32900091142,3.86,1.775,24.0,212625000.0,7817.957862999596,27197.0,2829.108689785004,0.0960246112823424,4.477833532591068
13118,0.7158257923953605,400584.6187449484,16.87,5.406,22.0,2280960000.0,4233.219010289074,538824.0,33412.58797073364,0.0834095629418247,289.04035172027534
10070,-0.1243686941468669,21876.181545479263,4.34,2.9815,18.5,48600000.0,2830.848089468779,17168.0,1683.2360663414,0.0769437784579568,4.8185858165505495
14490,0.040685506835195,8692.544947717946,5.16,3.289,31.0,12960000.0,1757.2881355932204,7375.0,853.7246932089329,0.0982134344249851,154.85050474514335
12886,-0.2976367966579809,43319.38827560407,6.13075,4.7855,27.0,74790000.0,1330.9013257407244,56195.0,3840.591409802437,0.0886575633378766,17.83483709710141
11359,-0.194510321541323,26802.4037249095,5.11,2.8595,31.0,59130000.0,2473.127274248191,23909.0,2542.5670825243,0.0948633976497152,50.52759250428364
14807,0.0345722633567187,25679.074694499992,3.36975,1.82575,52.75,31860000.0,2555.0684345594523,12469.333333333334,2459.542018145323,0.0957800094982438,81.1754508154797
13231,0.1854628437220885,19295.026586798194,2.648,1.502,65.0,14850000.0,1614.3059028155235,9199.0,2005.635477215052,0.1039457223960148,239.87773957523981
13217,-0.0603886734062277,31787.999482730946,4.046,1.467,39.5,15390000.0,1076.5249020705091,14296.0,3170.966987729073,0.0997535874961783,44.97453275238899
13057,-0.2524802670539368,8830.312057023795,5.416,3.3585,36.0,13770000.0,1921.037946428572,7168.0,731.432464942336,0.0828320064136964,18.42861226705138
14558,0.6119007589263746,116075.13195272264,5.24,3.078,31.0,361260000.0,3114.525139664805,115992.0,10635.541852921247,0.0916263602203192,66.33328845378004
10347,-0.0811635698934387,26785.796810787466,4.808,3.8665,26.0,24300000.0,1299.6737444509815,18697.0,2248.085196554661,0.0839282554271182,83.52217654601114
10937,0.0495272706112157,16920.104490993683,3.92225,2.64075,33.0,69120000.0,2173.379869823601,31803.0,1629.8969570994377,0.0963290125050354,133.18763010778463
13558,0.251888504157986,14469.083917069369,4.418,1.848,34.5,14850000.0,2109.6746696974,7039.0,2044.8356950730083,0.1413244754673576,182.87673326310187
11617,-0.3833672278784693,11233.49295498433,4.3695,1.8265,45.5,18090000.0,1840.8466469929783,9827.0,1654.7122061252594,0.1473016641178431,32.30756241045537
14210,0.1549608240345578,25979.61884656092,3.0595,1.759,36.5,25380000.0,2488.9673433362755,10197.0,2787.731111884117,0.1073045423933594,72.9776759859939
12418,0.0674600539957556,36422.35882776868,3.90575,1.92575,46.75,55890000.0,1969.3446088794929,28380.0,3079.0767769813538,0.0845380935249543,84.6903802237223
12165,0.7815630071309472,440305.7301706303,12.004,4.74,38.0,1611900000.0,4104.158391640442,392748.0,42029.82205173373,0.0954559960767397,297.552997300655
10385,-0.0763360398125275,17850.586160699528,5.146,3.099,25.5,58860000.0,2732.7808343199385,21538.5,1771.2332273721695,0.0992254938536292,201.25487878467536
14119,0.060437980410199,21929.4436055612,4.496,3.1915,34.0,36990000.0,1832.639714625446,20184.0,2032.1580011248589,0.0926680146417173,184.2254073163636
13572,0.1498299767833615,8604.316449525986,7.738,4.861,32.0,22410000.0,1672.7625587818168,13397.0,843.6653120219707,0.0980514044283492,54.82472047265721
14355,0.0212771800224857,173716.671468726,4.2265,2.174,38.0,455220000.0,1779.7117087531228,255783.0,16790.28535567224,0.0966532757835794,64.46904313027044
13189,-0.3058870211137747,75671.37587236939,3.55175,0.9385,40.0,107460000.0,2406.7189249720045,44650.0,7880.817169487476,0.1041452871529599,383.27194269343966
11801,-0.1755378985348924,36114.00477905061,5.199,0.8005,43.5,59400000.0,1799.8363785110444,33003.0,2961.7993552982807,0.0820124872170475,23.00422628131168
14569,0.3890522785190914,14957.752320172724,5.168,0.936,39.0,51030000.0,2807.5484154929577,18176.0,276.15462255477905,0.018462307480673,80.48959726423273
10223,-0.3666515468529924,8556.958938048749,9.223,3.9805,29.0,19710000.0,1636.7713004484306,12042.0,530.7171372175217,0.062021699655198,7.2674294615859285
12373,-0.1695589740372804,13164.575317362887,2.8945,1.194,43.0,37800000.0,1975.8507135016464,19131.0,1606.1602869927883,0.122006236302542,12.797333447334763
10332,-0.3791239136573369,9751.190374228729,3.534,0.948,64.0,28080000.0,1327.9735161976826,21145.0,659.4093437790871,0.0676234714401464,14.823920232356064
12156,-0.327811047890863,13212.781996351045,5.59175,1.7725,30.5,34290000.0,2871.618792395947,11941.0,0.0,0.0,24.117298213954804
11951,0.545007659514129,86528.40504178841,5.214,0.923,42.0,247860000.0,1989.1976918693767,124603.0,7133.951139092445,0.0824463496772781,220.7608129042357
12998,0.4857358431716193,43951.21903753197,5.64,1.035,36.0,87750000.0,1679.7473200612558,52240.0,4302.5517578125,0.0978937979885916,150.718197945599
11333,1.0353298707836662,607573.796175799,10.803,3.198,38.0,2433780000.0,3248.518080024346,749197.0,53757.37113797665,0.088478751842718,500.5689345156303
12944,-0.1896029271263426,19618.64424498305,5.1815,0.798,45.0,81810000.0,3134.4827586206898,26100.0,1512.8048129081726,0.0771105686008365,14.232760197974452
13335,-0.478855903842451,22243.36580217441,2.4555,0.9665,58.5,29430000.0,1727.112676056338,17040.0,2174.375550091266,0.0977538907299141,24.780396082311405
13866,0.0183079922240882,33248.74573850321,4.967,0.88475,43.0,133920000.0,2369.846044947797,56510.0,2323.277443885803,0.0698756416906087,10.206192093150719
12914,-0.2708075521836749,19265.333354247843,5.1255,2.237,32.0,27540000.0,2630.1212873651034,10471.0,2033.979501903057,0.1055771766053859,11.197326801493064
11302,0.957508224331748,164591.07414902293,15.079,5.725,36.0,174690000.0,1628.2342852881964,107288.0,14683.38681858778,0.0892113189886181,753.0123935448931
10023,-0.0128373057349126,90825.4618773544,3.78,3.087,36.0,141750000.0,3706.463759021023,38244.0,6042.028466403484,0.0665235093938999,50.225437018212695
14229,0.1942821256096897,69654.72516770795,4.27375,3.7245,27.0,288360000.0,4363.537316143091,66084.0,4424.621087640524,0.0635221957589717,28.39192468152548
14187,-0.2518860022610039,24382.78673137622,5.7505,4.579,28.5,25110000.0,1566.144826295765,16033.0,1476.5638024806976,0.0605576310348737,15.577728912579776
10315,0.0088147256636462,12068.085026721776,1.14875,0.97575,86.5,45630000.0,1573.394020895831,29001.0,905.3099538087844,0.0750168690230637,1.169228446750117
13952,0.3870075106624905,24368.838129378903,5.1,3.7465,27.0,22410000.0,2964.677867442784,7559.0,1486.2721137702465,0.0609906843272272,34.34860091714366
10736,-0.137338241012362,54473.19785107912,5.781,2.7475,27.0,196560000.0,3405.641416591586,57716.0,3736.744856595993,0.0685978610400595,50.92290112887385
14271,-0.3848737474689022,88456.45001861257,4.923,3.791,34.0,56160000.0,1647.7906226160435,34082.0,5451.7144149541855,0.0616316211402002,80.88474414149145
12364,-0.3078342484681048,15776.765589803494,4.924,2.612,31.0,134460000.0,5632.304276798056,23873.0,879.5354886054993,0.0557487834625585,16.041499563644987
14192,0.8185518216677754,243596.64449875389,15.856,4.92125,31.0,598050000.0,3918.0552871307887,152639.5,26849.78992509842,0.1102223307728517,2128.1790665907297
10327,0.7078731184572115,83851.86107482956,11.52225,4.1815,28.0,188190000.0,2547.5146198830407,73872.0,9795.05865740776,0.1168138492318808,398.7824488999898
13710,0.3694008239542643,25472.750664007435,8.522,3.171,28.0,92880000.0,3244.0361845552025,28631.0,2771.456853866577,0.1088008472435055,403.76925206453166
12544,0.2174560770233992,36096.80643688253,9.8515,3.8325,21.0,65070000.0,5353.792989962152,12154.0,6297.945218801498,0.1744737510176652,248.49389888006772
11970,0.3855467282137804,37656.36996202353,8.87,4.568,28.0,164160000.0,4803.933044597917,34172.0,4746.563906669617,0.126049428329298,438.1935591829468
11628,0.2275676892841646,34949.62154992221,4.245,2.3465,35.0,185760000.0,5003.366821989388,37127.0,2791.406936645508,0.0798694467308679,289.82691411319695
14516,0.1605163382419335,9973.335293511816,4.848,1.382,27.0,42390000.0,8237.465993004274,5146.0,1272.7427744865415,0.1276145579217143,52.16513569380699
14809,0.7782826401851186,66225.41145557199,14.299,4.957,28.0,36180000.0,3849.345675071816,9399.0,8150.777488231659,0.1230762830926266,166.44738981891354
13049,0.1914538778831358,16906.140692991747,5.213,3.83325,24.0,95580000.0,3875.912408759124,24660.0,0.0,0.0,95.01985993705618
13054,0.9533500205981223,217611.94385631272,15.4815,5.119,28.0,778140000.0,3524.647711882448,220771.0,27806.689710617065,0.1277810823149375,3028.2027804863587
10510,0.9474882011431512,29927.112820326864,10.553,4.59775,19.0,80460000.0,2882.2180828198884,27916.0,3893.437794208527,0.1300973407486222,964.7273398884874
10476,0.0173383594015455,22660.6285345928,11.2615,5.6395,25.0,69120000.0,4118.6986056489095,16782.0,3274.711431503296,0.1445110591925662,136.1156337273488
14503,0.5994901033832182,390547.7636442906,14.956,5.1135,23.0,2521530000.0,5337.633306943603,472406.0,39712.48024392128,0.1016840549113763,591.1234078912112
10391,-0.0969974535056518,20664.00234369796,6.7835,5.28575,18.0,79110000.0,2904.71819350101,27235.0,896.2714385986328,0.0433735645056183,136.40127526074335
10473,0.3446242500344036,123408.88257164689,14.4395,5.072,27.0,235440000.0,2994.048527392034,78636.0,12375.529680252075,0.1002807044546998,238.61243192326646
14539,,80535.49958617482,1.067,1.335,92.0,195750000.0,6025.765341460036,32485.5,5501.458168029785,0.0683109708923218,2698.0792627481515
11036,0.678884835835935,195708.4475780333,14.136,4.545,40.0,4258170000.0,20521.89460900074,207494.0,19386.397983551025,0.0990575431130597,152.4116650277149
12399,1.1382560087620006,626706.2713619554,22.87325,5.905,28.0,4143420000.0,6956.30713440278,595635.0,67713.18563747406,0.108046127399236,3617.240277799474
10782,-0.0622673632772372,9564.771651709,4.66,2.86,13.0,42390000.0,3458.71409921671,12256.0,1117.248053073883,0.1168086488373464,18.436530841653195
10317,0.1744682703733329,68951.31152843004,5.056,2.402,28.0,196290000.0,5816.0,33750.0,7311.382654190063,0.1060368902653204,23.975473876095037
13809,0.1018199468590596,13225.96061109234,4.691,3.498,23.5,43740000.0,3357.384095793675,13028.0,1191.0317840576172,0.0900525730477923,63.947525551907475
13022,-0.3157087711478152,19753.481542435984,6.938,5.4595,22.5,45360000.0,2118.1414896100864,21415.0,3259.145568847656,0.164990944094898,20.1059120303351
10926,0.1903727828906022,25046.53879092941,6.442,0.9505,37.0,46980000.0,3384.238582336839,13882.0,1470.7449951171875,0.0587204885830299,63.02965105240275
14585,-0.3479673099490774,16278.991304826175,4.552,4.025,26.5,9720000.0,2822.299651567944,3444.0,1453.5510921478271,0.0892899974531528,154.66629422921517
14331,1.0780505775556477,296838.94620577444,17.27,4.847,30.5,1294650000.0,4305.024440528048,300730.0,30673.362105369568,0.1033333479229716,2935.539105425634
12387,0.26192216745143,106038.34421081688,11.37725,4.833,29.5,1131840000.0,6783.862673291657,166843.0,10473.714406013489,0.0987728965777746,157.00861282385793
14014,0.1496129162288417,42704.05058480309,6.2975,3.36875,31.0,624510000.0,14474.678410012748,43145.0,1471.446699142456,0.0344568414235181,78.35242196090506
14336,-0.106773440508431,12569.479162402751,4.819,3.422,36.0,123390000.0,8518.467380048325,14485.0,1171.070240974426,0.0931677618335433,43.17519471176106
13700,-0.4753548369359235,10831.623918340929,4.851,2.901,23.5,38610000.0,3508.724100327154,11004.0,1181.8932723999023,0.1091150580291687,44.21755647728715
13553,0.5207621784896441,163801.7595867198,15.409,4.88,36.0,806760000.0,4542.925681078464,177586.0,15410.644914627075,0.0940810706399547,357.67838478087816
10524,-0.1805194295252958,11041.04893176126,6.04875,2.8575,15.0,48060000.0,3260.515603799186,14740.0,1280.7902593612669,0.1160025888189734,42.240653383293626
14890,0.0203256758566251,47627.39569872014,3.853,2.305,27.0,226800000.0,6755.629691409508,33572.0,4998.850517272949,0.1049574608045864,27.41992049315491
13139,0.2403431516815243,16468.07063994182,14.84075,5.9015,28.0,657450000.0,7906.8424945429615,83149.5,1866.5152916908264,0.1133414674068595,14.907055536349683
14322,0.0290995957068513,18377.624417612828,9.281,7.09175,19.0,211410000.0,6238.675598312037,33887.0,1641.580978393555,0.0893249824400747,15.373301109435936
11021,0.5788816736136904,45786.3031727229,5.124,2.75075,26.5,237600000.0,4094.2928039702233,58032.0,4827.552724838257,0.1054366129238899,295.7436943164937
12864,-0.2755642059031494,30292.074882231034,4.574,3.04775,27.0,148500000.0,4444.244927275992,33414.0,2708.6876831054688,0.0894190211016001,28.540989013923436
10487,0.4447497941193172,31122.54701669691,5.785,2.36,26.5,152280000.0,4619.444865766723,32965.0,3261.0177154541016,0.1047799112876141,256.5983025920404
14438,0.0149885672328615,7871.092963663182,5.385,4.1225,24.0,39420000.0,3908.387864366448,10086.0,89.86142492294312,0.0114166387486194,21.530315850468078
11072,-0.0112904638410026,16169.112086998368,4.19325,3.858,19.0,81000000.0,3260.4757879483154,24843.0,2223.489089488983,0.1375146067097214,43.95619037441691
12621,-0.014302550249862,5842.857746667427,5.373,4.1465,23.0,156600000.0,6449.952119608308,24279.25,447.5405976772308,0.0765961823959334,57.637123145953446
13218,-0.0141410558747292,8645.684491170385,6.326,3.303,30.0,42120000.0,4430.419690754181,9507.0,724.0469570159912,0.0837466319474694,21.395060852023178
11853,0.2407336637891312,48174.61824713306,7.264,1.906,35.0,118800000.0,1715.077669342265,69268.0,1386.0914306640625,0.0287722348634605,110.37057914756114
10246,0.1088802565375383,20286.14877694793,5.15225,1.70875,45.0,40770000.0,1798.1740396065804,22673.0,1751.7095947265625,0.0863500319349481,71.97442399342728
12697,-0.139135673491638,16235.333189274112,4.997,3.523,28.0,36990000.0,1579.4192997438088,23420.0,5048.890876531601,0.310981660657704,68.52544671322342
10342,-0.0948039802783616,21524.26147333776,4.654,2.534,41.0,57780000.0,1538.1748482589717,37564.0,973.8537502288818,0.0452444675714054,34.60098242224151
13307,0.683314178366133,37113.328632475255,10.437,3.1345,26.5,27540000.0,1777.347531461762,15495.0,6157.110260426998,0.1659002435863256,211.23581542547532
14209,-0.3019463825977734,17958.222338951397,5.30975,3.10625,33.5,54540000.0,2356.143079315708,23148.0,989.2511163949966,0.0550862495030652,35.035093263168186
10799,0.0412310619279423,36930.41364076063,5.924,1.84175,35.0,72090000.0,1509.8647007079128,47746.0,4424.8526611328125,0.11981595181076,151.92434830693597
14329,-0.0559492489530512,19948.52951886953,4.952,3.091,29.0,25650000.0,1846.3864094442845,13892.0,80.29454040527344,0.004025085675078,77.73340016709481
11471,0.2474283665304167,61938.01866263074,5.139,1.1875,41.0,102330000.0,1726.9720187666655,59254.0,6676.061194419861,0.1077861600769569,53.746960785432236
13164,-0.0807816709465625,43082.849970080046,19.836,16.0175,25.0,75060000.0,1488.6063899410983,50423.0,4004.4497928619385,0.0929476530833714,39.8517216993696
13912,-0.1335122692796762,14084.876682409322,3.52525,2.158,42.0,77625000.0,4312.260429976112,18001.0,646.8074340820312,0.0459221226189244,61.740719740819074
13187,-0.1301685027344874,22178.170742805065,5.1175,2.415,36.0,52650000.0,1678.6226685796269,31365.0,945.1958923339844,0.0426182981137261,57.31178914458687
10228,0.7317351679862936,282749.09263995686,11.4425,4.217,26.0,972810000.0,3393.8981631691872,286635.0,24203.72523117065,0.0856014249424696,902.2312412319515
13976,0.3081012012883032,47879.55672613892,8.08275,4.521,31.0,72090000.0,2148.541114058356,33553.0,4163.593052387238,0.0869597242974098,124.56508610841209
11726,-0.0631103218813926,24094.90943919759,9.422,3.133,19.0,37530000.0,4308.840413318026,8710.0,1082.342212677002,0.0449199535448864,68.91874400332014
14604,0.0041721743418651,14297.67805373773,11.115,10.344,13.0,24840000.0,2013.7819213619784,12335.0,2031.7650775909424,0.1421045480220331,30.866886829921874
10159,-0.3891853318876446,19544.84643692675,5.098,0.817,33.0,68310000.0,3558.739255014327,19195.0,2350.474392414093,0.1202605709898677,18.15496653314508
13388,-0.1543752437392788,12573.401956853451,7.936,4.155,27.0,52920000.0,2869.381337092664,18443.0,1836.517766952515,0.1460637123711355,25.83630920527858
10629,0.0827151930348447,44167.851646217605,4.703,0.774,34.0,144990000.0,2867.398398101453,50565.0,4924.9115052223215,0.1115044386734186,19.884726289008906
14286,0.2634198973444179,23017.798938773754,4.717,3.08275,21.75,92880000.0,11209.268645908762,8286.0,3619.5597720146175,0.1572504730640177,51.293670358928686
10407,-0.4365067328392136,20641.28084975567,5.454,2.508,27.0,66690000.0,2949.579831932773,22610.0,2955.493131637573,0.1431836111891553,33.483742490777175
12072,0.656735468734292,64026.08330607569,10.091,3.129,30.0,508680000.0,7187.893003998926,70769.0,5518.508628845214,0.0861915698085742,280.5055781193468
13215,-0.0903386213382955,17225.80099177648,8.183,5.487,19.0,29160000.0,3891.11289031225,7494.0,2198.792016983032,0.1276452699083616,66.02638048151157
10451,0.3929603794813526,17035.727342082606,9.1155,3.0085,22.5,85590000.0,3002.1045247281654,28510.0,1870.9245834350584,0.109823581104952,183.09792753167073
10169,-0.0429716162666686,26995.130148398403,8.1365,5.369,20.5,122310000.0,3929.764811720858,31124.0,3282.1227474212646,0.1215820308840404,116.13589971702187
14463,0.0525994951504066,42991.812968252285,5.435,2.4285,24.0,125010000.0,3808.2617437397184,32826.0,5054.157669067383,0.1175609335851845,80.398781747291
13931,0.8461261300906042,570926.4314565328,9.437,2.501,31.0,2404620000.0,4485.50328584726,536087.0,66186.5467543602,0.1159283282532686,480.79263950043486
11483,0.0890352161448936,22394.74772042872,9.145,5.846,18.0,69120000.0,3716.528658995591,18598.0,2669.415985107422,0.1191983057113143,71.60601131728791
13969,0.0861149588267363,26423.14784944333,6.9465,4.745,20.0,125820000.0,3453.5573122529645,36432.0,2921.648394584656,0.1105715492806512,74.42253911481994
10783,0.6659660794744655,46022.53509351981,8.65125,3.1085,33.75,236790000.0,6366.862950713882,37191.0,6002.841150045395,0.1304326486545636,273.4023364490404
12798,-0.3429966587484021,21467.45358201425,6.445,3.631,24.5,36450000.0,2475.886428474392,14722.0,2306.322559356689,0.1074334480587376,22.318845509338473
11375,-0.2072992040078005,27331.23825593557,4.5775,0.786,34.0,92340000.0,2680.172989289757,34453.0,2968.228786468506,0.1086020603484326,29.679823638921732
14213,-0.4148990911367874,18923.331243932105,4.9825,0.84875,36.0,95580000.0,3706.806282722513,25785.0,2240.456248283386,0.1183965032056289,11.716427054950596
12707,0.210536316889709,31272.699409374305,3.9955,1.991,24.0,121500000.0,5164.27933863221,23527.0,2973.079973220825,0.0950695024533,71.25748246078862
13440,0.0451961860574314,18081.32759200041,5.118,1.57075,30.5,67500000.0,3131.378734459084,21556.0,1915.7134580612185,0.1059498230046323,19.782307638920912
14232,0.3480334782500371,35750.51025169028,6.133,3.657,22.0,137970000.0,3622.781220460036,38084.0,3522.447910308838,0.0985286052006012,120.020977575012
14458,-0.0786402774805067,16948.1899090115,10.32925,5.35775,16.0,55890000.0,4383.185632499411,12751.0,1528.620044708252,0.0901937052224952,62.75333591814156
11344,0.1879648111521043,19076.82249425485,5.33075,2.44875,30.25,67500000.0,4757.206286560011,14189.0,981.3209886550902,0.0514404843338361,208.08549039896877
10845,0.4334465573434768,29511.273435379782,6.0595,1.8225,38.0,88020000.0,3909.393737508328,22515.0,1471.4069595336914,0.0498591483270147,134.37711507985753
12422,-0.3650419245614181,9758.321392148484,3.981,1.91,31.0,82620000.0,4762.508646529859,17348.0,1268.2847003936763,0.1299695561794198,30.30685538802728
13173,0.7929401356384578,417006.85879009846,5.91575,1.4945,28.0,1113210000.0,3588.7541345093714,310194.0,41611.63247299194,0.0997864461839398,60.765387879640244
13835,0.7503456531400682,27208.79539345683,4.3575,0.904,29.0,270000000.0,11065.573770491805,24400.0,1790.2735595703125,0.0657976045496243,72.36756079370465
10176,-0.125696018032297,15777.501576302771,5.33475,2.05325,28.5,168750000.0,5898.49348107239,28609.0,1140.284468650818,0.072272816018189,118.45313241553214
11742,0.4304248531317711,7284.936892466738,4.291,2.648,37.5,78570000.0,4323.922734026746,18171.0,1133.7412109375,0.1556281444400551,8.685209925665122
11224,0.9736964945801254,293376.9975269937,9.17125,2.8825,34.0,368415000.0,6708.761642887709,54915.5,6373.336799621582,0.0217240508061139,1113.8877740937644
12327,0.7450747460977888,113048.53528257828,10.669,3.542,19.0,657450000.0,4813.098480189757,136596.0,6596.890615463257,0.0583544987909267,314.28262079132514
11102,0.1873106830860553,25499.51839331941,6.596,1.849,31.0,233550000.0,4789.983182247016,48758.0,1817.3975372314453,0.0712718377342994,31.620833908934355
13696,0.4481495764723914,54251.63409867584,8.479,1.976,33.0,314550000.0,5534.441805225653,56835.0,6338.06079864502,0.1168270947768505,105.89544425691963
14071,0.535884946487517,89534.70250512287,5.561,2.653,32.0,191430000.0,3317.9076539101497,57696.0,7043.995330810547,0.0786733538362682,203.7944690362047
14417,0.5411879387345224,19614.552292860782,6.469,1.895,31.0,112050000.0,4891.304347826087,22908.0,1957.2945556640625,0.0997878782263345,83.30749125208436
14576,0.6218517753344235,32342.144857362666,5.494,0.945,31.0,166590000.0,4986.977997305793,33405.0,3544.996971130371,0.1096092107299851,169.9536121226533
11509,0.5498547359310901,114137.6178571431,9.909,3.097,25.0,891810000.0,6950.10754699336,128316.0,11046.594703674316,0.0967831194576047,115.67368403320002
10293,0.4686215492323198,173502.61432448716,10.6545,3.549,33.0,739530000.0,4504.9616530315125,164159.0,14168.600486755371,0.0816621728837874,251.43483516447057
13257,0.1416075761273287,12585.26793392364,7.249,2.097,29.0,65610000.0,3995.250274022652,16422.0,930.3213119506836,0.0739214545796835,60.53128847614029
11442,0.8404940930367247,30342.486962823285,7.122,4.698,30.0,137160000.0,4005.3732040649456,34244.0,1062.628433227539,0.0350211383308662,241.69926795785963
10208,0.1446712330111565,18978.52872664596,4.201,1.909,29.0,20610000.0,4496.400261799142,4583.666666666667,3766.161026000977,0.198443255546636,60.5042146876219
13694,0.3274088548169315,11638.745188595192,7.229,3.4365,27.0,73980000.0,6093.904448105436,12140.0,1208.1170654296875,0.103801315850915,76.82223836021979
10310,0.985253407840642,687713.6544954565,15.324,5.012,31.0,1856520000.0,5273.964819780919,352016.0,55925.777978897095,0.0813213139121503,656.326037509092
12624,0.5508493359609576,65088.667712597926,14.8635,5.4855,38.0,211140000.0,4406.277390542176,47918.0,7183.25341796875,0.1103610454847031,150.64225229993252
12695,0.063137075500106,13252.845212356984,6.6615,1.8825,31.5,91800000.0,5436.939204595931,16884.5,0.0,0.0,96.15005780550894
13063,-0.167,3829.332680085993,5.00575,2.33125,36.0,134190000.0,3649.740256208013,36767.0,2234.550582885742,0.5835352447976817,13.755452337231368
11667,0.4717492273516587,26366.81078701596,5.4415,1.14675,37.0,77625000.0,4312.260429976112,18001.0,1774.6435546875,0.067305961612976,86.65970862907633
13555,1.0619957881303346,1638408.5738585163,14.361,5.201,26.5,11833830000.0,5279.445690390905,2241491.0,195870.21871185303,0.1195490684295987,3222.064562883453
10664,-0.0581425343438724,35362.13210894179,5.125,1.0855,31.0,177930000.0,4287.159964339928,41503.0,5155.659502983093,0.1457960591035577,37.967872220217565
14163,0.6319130861519496,8355.239121898121,4.833,3.754,27.0,51570000.0,3564.6644086541783,14467.0,0.0,0.0,42.93572586961212
10597,-0.0705384084299966,7852.498648931853,5.304,0.9425,35.0,73980000.0,3878.7815236197766,19073.0,105.1631927490234,0.0133923222977349,32.15990299310878
14072,0.9572217696053013,180591.09861718328,11.748,4.435,38.0,989010000.0,4579.21640167054,215978.0,20064.403839111324,0.1111040576902619,293.1982284608815
14316,0.1929640697649363,20009.74109825093,7.8905,3.17625,24.5,31320000.0,5787.139689578714,5412.0,439.1949775218964,0.0219490584793366,299.8608699612862
12370,-0.0827454411364486,14340.877929155216,6.2005,2.1135,34.0,113670000.0,7052.801389836818,16117.0,813.1217498779297,0.0566995796139398,44.542799229456016
12124,1.1035183984844923,108936.30222018558,11.028,4.79075,29.5,2376270000.0,21822.86548687196,108889.0,10851.265314102173,0.0996111038556205,678.5672524743838
12491,0.277105198395552,65737.31613740511,4.418,0.931,27.0,281880000.0,6681.045720651324,42191.0,3243.807357788086,0.0493449922873004,183.2027118903556
12317,-0.2142482110811575,55500.10662401124,4.423,5.40775,39.5,62640000.0,2001.1500862564687,31302.0,3256.924632191658,0.0586832139667025,4.0776915893523
11786,0.4941440154440123,16854.416731739624,2.421,1.638,102.0,36990000.0,1806.681645013188,20474.0,972.68918505311,0.0577112338287789,1.6809813497049297
